Component_ID,Lot_ID,Wafer_ID,Iddq_0h,Iddq_24h,Ileak_0h,Ileak_24h,PropDelay_0h,PropDelay_24h
CMP-1000-0001,ISRO-TEST-UPLOAD-1000,7,11.721,11.863,2.462,2.503,1.2599,1.2607
CMP-1000-0002,ISRO-TEST-UPLOAD-1000,20,12.771,13.0,2.006,2.071,1.3449,1.3459
CMP-1000-0003,ISRO-TEST-UPLOAD-1000,15,9.906,10.202,2.272,2.301,1.188,1.19
CMP-1000-0004,ISRO-TEST-UPLOAD-1000,11,12.095,12.183,2.018,2.057,1.2403,1.242
CMP-1000-0005,ISRO-TEST-UPLOAD-1000,8,10.61,11.003,2.232,2.202,1.1295,1.1314
CMP-1000-0006,ISRO-TEST-UPLOAD-1000,21,10.616,10.838,2.372,2.426,1.1423,1.1463
CMP-1000-0007,ISRO-TEST-UPLOAD-1000,7,10.549,10.931,2.726,2.783,1.2671,1.266
CMP-1000-0008,ISRO-TEST-UPLOAD-1000,19,11.942,12.341,2.458,2.452,1.1709,1.1802
CMP-1000-0009,ISRO-TEST-UPLOAD-1000,23,13.583,13.882,2.834,2.905,1.0279,1.0295
CMP-1000-0010,ISRO-TEST-UPLOAD-1000,11,7.892,8.212,2.34,2.401,1.33,1.339
CMP-1000-0011,ISRO-TEST-UPLOAD-1000,11,10.037,10.548,2.372,2.381,1.2369,1.2462
CMP-1000-0012,ISRO-TEST-UPLOAD-1000,24,11.562,11.779,2.618,2.638,1.1535,1.1553
CMP-1000-0013,ISRO-TEST-UPLOAD-1000,21,11.687,11.912,2.848,2.856,1.163,1.1667
CMP-1000-0014,ISRO-TEST-UPLOAD-1000,4,9.575,9.724,2.63,2.624,1.1086,1.1064
CMP-1000-0015,ISRO-TEST-UPLOAD-1000,8,11.208,11.331,2.094,2.159,1.2534,1.26
CMP-1000-0016,ISRO-TEST-UPLOAD-1000,24,12.09,12.454,2.107,2.178,1.0695,1.0719
CMP-1000-0017,ISRO-TEST-UPLOAD-1000,3,12.009,12.018,2.761,2.736,1.1803,1.1825
CMP-1000-0018,ISRO-TEST-UPLOAD-1000,22,10.356,10.487,2.657,2.663,1.0755,1.0808
CMP-1000-0019,ISRO-TEST-UPLOAD-1000,21,10.79,11.086,2.381,2.394,1.234,1.2295
CMP-1000-0020,ISRO-TEST-UPLOAD-1000,2,9.494,9.695,2.744,2.702,1.2359,1.2408
CMP-1000-0021,ISRO-TEST-UPLOAD-1000,24,10.427,10.569,2.63,2.642,1.2462,1.2397
CMP-1000-0022,ISRO-TEST-UPLOAD-1000,12,9.721,9.555,2.605,2.661,1.2761,1.2838
CMP-1000-0023,ISRO-TEST-UPLOAD-1000,6,9.681,9.936,2.32,2.332,1.3312,1.328
CMP-1000-0024,ISRO-TEST-UPLOAD-1000,2,9.294,9.516,2.277,2.298,1.1526,1.1607
CMP-1000-0025,ISRO-TEST-UPLOAD-1000,21,10.603,10.804,2.151,2.199,1.1814,1.1803
CMP-1000-0026,ISRO-TEST-UPLOAD-1000,1,9.422,14.795,2.271,2.671,1.1992,1.2792
CMP-1000-0027,ISRO-TEST-UPLOAD-1000,12,11.087,11.534,2.862,2.905,1.1754,1.1733
CMP-1000-0028,ISRO-TEST-UPLOAD-1000,22,10.056,10.256,1.851,1.909,1.2293,1.2312
CMP-1000-0029,ISRO-TEST-UPLOAD-1000,12,9.754,9.824,1.818,1.881,1.1139,1.1188
CMP-1000-0030,ISRO-TEST-UPLOAD-1000,25,11.22,11.437,2.672,2.731,1.1753,1.1789
CMP-1000-0031,ISRO-TEST-UPLOAD-1000,17,10.588,10.842,2.266,2.299,1.0267,1.0339
CMP-1000-0032,ISRO-TEST-UPLOAD-1000,10,12.842,13.163,2.707,2.715,1.2298,1.2327
CMP-1000-0033,ISRO-TEST-UPLOAD-1000,16,9.484,9.605,2.488,2.527,1.1221,1.1286
CMP-1000-0034,ISRO-TEST-UPLOAD-1000,15,11.406,11.631,2.731,2.798,1.1716,1.1789
CMP-1000-0035,ISRO-TEST-UPLOAD-1000,15,12.553,12.892,3.288,3.34,1.2185,1.2031
CMP-1000-0036,ISRO-TEST-UPLOAD-1000,19,12.282,12.521,2.686,2.749,1.1633,1.1652
CMP-1000-0037,ISRO-TEST-UPLOAD-1000,12,10.331,10.558,2.533,2.599,1.401,1.409
CMP-1000-0038,ISRO-TEST-UPLOAD-1000,23,10.185,10.475,2.735,2.742,1.1534,1.1662
CMP-1000-0039,ISRO-TEST-UPLOAD-1000,20,11.334,11.759,2.087,2.108,1.2574,1.2477
CMP-1000-0040,ISRO-TEST-UPLOAD-1000,25,11.422,11.768,2.6,2.619,1.1611,1.1616
CMP-1000-0041,ISRO-TEST-UPLOAD-1000,3,11.125,11.369,2.292,2.331,1.1947,1.1937
CMP-1000-0042,ISRO-TEST-UPLOAD-1000,5,13.027,19.537,2.282,2.682,1.1879,1.2679
CMP-1000-0043,ISRO-TEST-UPLOAD-1000,19,11.547,11.699,2.876,2.872,1.2327,1.2422
CMP-1000-0044,ISRO-TEST-UPLOAD-1000,7,10.762,10.869,2.511,2.504,1.1606,1.1678
CMP-1000-0045,ISRO-TEST-UPLOAD-1000,21,10.829,11.236,2.457,2.482,1.1901,1.1914
CMP-1000-0046,ISRO-TEST-UPLOAD-1000,9,11.325,11.55,2.743,2.787,1.1221,1.1241
CMP-1000-0047,ISRO-TEST-UPLOAD-1000,7,11.741,11.74,2.361,2.379,1.1357,1.1335
CMP-1000-0048,ISRO-TEST-UPLOAD-1000,18,12.055,12.411,2.086,2.143,0.9792,0.9742
CMP-1000-0049,ISRO-TEST-UPLOAD-1000,4,11.692,12.093,2.262,2.264,1.1559,1.1632
CMP-1000-0050,ISRO-TEST-UPLOAD-1000,25,10.586,10.809,2.583,2.625,1.1581,1.1553
CMP-1000-0051,ISRO-TEST-UPLOAD-1000,14,8.914,9.41,2.548,2.548,1.1521,1.1561
CMP-1000-0052,ISRO-TEST-UPLOAD-1000,18,10.362,10.686,2.589,2.613,1.1261,1.1266
CMP-1000-0053,ISRO-TEST-UPLOAD-1000,9,10.827,10.9,2.566,2.588,1.2547,1.2532
CMP-1000-0054,ISRO-TEST-UPLOAD-1000,21,12.488,12.705,2.387,2.446,1.1698,1.172
CMP-1000-0055,ISRO-TEST-UPLOAD-1000,2,55.968,58.515,26.776,29.776,2.9974,3.1974
CMP-1000-0056,ISRO-TEST-UPLOAD-1000,20,10.712,10.936,2.724,2.825,1.1291,1.1224
CMP-1000-0057,ISRO-TEST-UPLOAD-1000,15,12.282,12.625,2.132,2.167,1.2629,1.2639
CMP-1000-0058,ISRO-TEST-UPLOAD-1000,7,9.377,9.862,2.395,2.462,1.1716,1.1685
CMP-1000-0059,ISRO-TEST-UPLOAD-1000,12,10.578,10.988,2.313,2.299,1.0761,1.0747
CMP-1000-0060,ISRO-TEST-UPLOAD-1000,8,7.505,7.777,2.789,2.779,1.3891,1.3876
CMP-1000-0061,ISRO-TEST-UPLOAD-1000,15,12.214,12.31,2.559,2.59,1.2794,1.2837
CMP-1000-0062,ISRO-TEST-UPLOAD-1000,3,11.069,11.438,2.141,2.138,1.2823,1.2847
CMP-1000-0063,ISRO-TEST-UPLOAD-1000,14,10.825,11.299,1.998,2.04,1.1283,1.1282
CMP-1000-0064,ISRO-TEST-UPLOAD-1000,17,11.688,12.097,2.885,2.965,1.2093,1.2099
CMP-1000-0065,ISRO-TEST-UPLOAD-1000,4,9.831,10.104,2.278,2.272,1.1866,1.1862
CMP-1000-0066,ISRO-TEST-UPLOAD-1000,18,10.818,11.102,2.673,2.72,1.0087,1.0123
CMP-1000-0067,ISRO-TEST-UPLOAD-1000,8,10.522,10.554,2.954,2.983,1.3629,1.3562
CMP-1000-0068,ISRO-TEST-UPLOAD-1000,4,9.959,15.284,2.514,2.914,1.1959,1.2759
CMP-1000-0069,ISRO-TEST-UPLOAD-1000,2,10.272,10.689,2.561,2.574,1.1378,1.1419
CMP-1000-0070,ISRO-TEST-UPLOAD-1000,6,8.846,9.036,2.166,2.189,1.2597,1.2566
CMP-1000-0071,ISRO-TEST-UPLOAD-1000,22,10.402,10.601,3.016,3.096,1.177,1.1751
CMP-1000-0072,ISRO-TEST-UPLOAD-1000,10,12.665,12.8,2.506,2.482,1.2523,1.2641
CMP-1000-0073,ISRO-TEST-UPLOAD-1000,4,10.942,11.379,2.661,2.706,1.2246,1.2191
CMP-1000-0074,ISRO-TEST-UPLOAD-1000,22,9.912,10.474,2.766,2.814,1.2631,1.2718
CMP-1000-0075,ISRO-TEST-UPLOAD-1000,18,10.867,15.92,2.554,2.954,1.2116,1.2916
CMP-1000-0076,ISRO-TEST-UPLOAD-1000,12,9.36,9.543,3.133,3.185,1.2628,1.2691
CMP-1000-0077,ISRO-TEST-UPLOAD-1000,2,9.727,9.996,2.022,2.064,1.1394,1.1438
CMP-1000-0078,ISRO-TEST-UPLOAD-1000,10,11.699,11.715,2.566,2.568,1.3031,1.3011
CMP-1000-0079,ISRO-TEST-UPLOAD-1000,4,11.093,11.292,2.303,2.384,1.0769,1.068
CMP-1000-0080,ISRO-TEST-UPLOAD-1000,14,9.542,9.863,2.562,2.591,1.2848,1.2866
CMP-1000-0081,ISRO-TEST-UPLOAD-1000,16,11.252,11.347,2.665,2.703,1.1712,1.1726
CMP-1000-0082,ISRO-TEST-UPLOAD-1000,15,10.41,10.65,2.201,2.275,1.1951,1.1985
CMP-1000-0083,ISRO-TEST-UPLOAD-1000,8,11.03,11.192,2.702,2.706,1.1868,1.1894
CMP-1000-0084,ISRO-TEST-UPLOAD-1000,14,10.002,10.336,2.588,2.613,1.1853,1.1938
CMP-1000-0085,ISRO-TEST-UPLOAD-1000,23,10.789,11.033,2.367,2.36,1.1731,1.1685
CMP-1000-0086,ISRO-TEST-UPLOAD-1000,25,12.054,12.366,2.787,2.843,1.3535,1.3472
CMP-1000-0087,ISRO-TEST-UPLOAD-1000,8,9.963,10.241,2.589,2.61,1.2453,1.2477
CMP-1000-0088,ISRO-TEST-UPLOAD-1000,21,12.534,12.777,2.941,2.947,1.226,1.2331
CMP-1000-0089,ISRO-TEST-UPLOAD-1000,16,11.258,11.502,2.59,2.647,1.3396,1.3375
CMP-1000-0090,ISRO-TEST-UPLOAD-1000,13,10.853,11.243,2.585,2.652,1.3255,1.315
CMP-1000-0091,ISRO-TEST-UPLOAD-1000,18,11.241,11.458,2.491,2.48,1.3823,1.3795
CMP-1000-0092,ISRO-TEST-UPLOAD-1000,15,10.4,10.722,2.281,2.347,1.2838,1.2897
CMP-1000-0093,ISRO-TEST-UPLOAD-1000,21,11.565,11.688,2.916,2.906,1.2053,1.2063
CMP-1000-0094,ISRO-TEST-UPLOAD-1000,24,9.616,9.984,1.948,1.956,1.3288,1.3327
CMP-1000-0095,ISRO-TEST-UPLOAD-1000,25,10.412,10.774,2.445,2.486,1.2139,1.2131
CMP-1000-0096,ISRO-TEST-UPLOAD-1000,13,12.174,12.335,2.703,2.776,1.1708,1.174
CMP-1000-0097,ISRO-TEST-UPLOAD-1000,9,8.022,8.291,3.227,3.243,1.2686,1.2671
CMP-1000-0098,ISRO-TEST-UPLOAD-1000,15,12.222,12.399,2.945,2.954,1.1615,1.1571
CMP-1000-0099,ISRO-TEST-UPLOAD-1000,13,8.671,8.82,2.54,2.569,1.0601,1.0688
CMP-1000-0100,ISRO-TEST-UPLOAD-1000,1,10.643,10.771,2.485,2.517,1.2359,1.241
CMP-1000-0101,ISRO-TEST-UPLOAD-1000,25,8.892,9.21,2.445,2.469,1.0428,1.0449
CMP-1000-0102,ISRO-TEST-UPLOAD-1000,7,40.511,41.974,11.032,11.832,1.7605,1.8105
CMP-1000-0103,ISRO-TEST-UPLOAD-1000,9,10.913,11.28,2.409,2.419,1.2464,1.2469
CMP-1000-0104,ISRO-TEST-UPLOAD-1000,24,10.768,10.908,2.373,2.437,1.1956,1.2
CMP-1000-0105,ISRO-TEST-UPLOAD-1000,1,11.411,11.711,2.152,2.206,1.2132,1.2138
CMP-1000-0106,ISRO-TEST-UPLOAD-1000,12,10.724,10.925,2.218,2.228,1.2035,1.2172
CMP-1000-0107,ISRO-TEST-UPLOAD-1000,8,12.459,12.511,2.647,2.654,1.2229,1.2281
CMP-1000-0108,ISRO-TEST-UPLOAD-1000,24,9.379,9.798,3.141,3.131,1.2685,1.2674
CMP-1000-0109,ISRO-TEST-UPLOAD-1000,11,11.321,11.496,2.52,2.553,1.2578,1.2651
CMP-1000-0110,ISRO-TEST-UPLOAD-1000,19,11.009,11.134,2.904,2.969,1.2211,1.2213
CMP-1000-0111,ISRO-TEST-UPLOAD-1000,17,9.302,9.672,2.388,2.418,1.3276,1.3256
CMP-1000-0112,ISRO-TEST-UPLOAD-1000,8,11.475,11.749,2.274,2.338,1.0899,1.0935
CMP-1000-0113,ISRO-TEST-UPLOAD-1000,3,12.249,18.472,2.356,2.756,1.2002,1.2802
CMP-1000-0114,ISRO-TEST-UPLOAD-1000,3,9.268,9.288,1.771,1.806,1.2783,1.2845
CMP-1000-0115,ISRO-TEST-UPLOAD-1000,1,9.935,10.265,2.734,2.784,1.0702,1.0788
CMP-1000-0116,ISRO-TEST-UPLOAD-1000,5,10.952,11.042,2.414,2.377,1.2247,1.2208
CMP-1000-0117,ISRO-TEST-UPLOAD-1000,10,7.463,7.748,2.375,2.347,1.2496,1.2481
CMP-1000-0118,ISRO-TEST-UPLOAD-1000,7,10.07,10.195,2.399,2.446,1.1281,1.1307
CMP-1000-0119,ISRO-TEST-UPLOAD-1000,9,9.518,9.779,3.016,3.048,1.1394,1.1445
CMP-1000-0120,ISRO-TEST-UPLOAD-1000,7,10.671,11.086,2.373,2.419,1.2874,1.2877
CMP-1000-0121,ISRO-TEST-UPLOAD-1000,9,10.835,11.145,2.673,2.695,1.2841,1.3011
CMP-1000-0122,ISRO-TEST-UPLOAD-1000,8,10.041,10.056,2.497,2.53,1.3406,1.3383
CMP-1000-0123,ISRO-TEST-UPLOAD-1000,12,10.56,10.734,2.607,2.662,1.2234,1.2321
CMP-1000-0124,ISRO-TEST-UPLOAD-1000,2,44.844,46.404,6.35,7.15,1.6755,1.7255
CMP-1000-0125,ISRO-TEST-UPLOAD-1000,1,9.605,9.945,2.531,2.531,1.1537,1.163
CMP-1000-0126,ISRO-TEST-UPLOAD-1000,16,9.029,9.438,2.353,2.422,1.1448,1.1545
CMP-1000-0127,ISRO-TEST-UPLOAD-1000,23,9.213,9.575,2.617,2.699,1.1017,1.094
CMP-1000-0128,ISRO-TEST-UPLOAD-1000,23,73.013,80.999,31.692,34.692,3.2484,3.4484
CMP-1000-0129,ISRO-TEST-UPLOAD-1000,24,12.188,12.468,2.114,2.135,1.2491,1.2493
CMP-1000-0130,ISRO-TEST-UPLOAD-1000,5,10.74,11.007,2.833,2.854,1.2298,1.2326
CMP-1000-0131,ISRO-TEST-UPLOAD-1000,3,12.844,13.074,2.147,2.174,1.1139,1.1177
CMP-1000-0132,ISRO-TEST-UPLOAD-1000,12,10.375,10.654,2.501,2.575,1.1897,1.1932
CMP-1000-0133,ISRO-TEST-UPLOAD-1000,8,10.054,10.171,2.787,2.855,1.3112,1.3123
CMP-1000-0134,ISRO-TEST-UPLOAD-1000,22,10.619,10.815,2.818,2.854,1.2162,1.2206
CMP-1000-0135,ISRO-TEST-UPLOAD-1000,3,10.252,10.378,2.34,2.431,1.251,1.256
CMP-1000-0136,ISRO-TEST-UPLOAD-1000,1,9.338,9.622,2.566,2.604,1.1665,1.1711
CMP-1000-0137,ISRO-TEST-UPLOAD-1000,3,10.636,11.093,2.5,2.56,1.119,1.1212
CMP-1000-0138,ISRO-TEST-UPLOAD-1000,5,9.348,9.577,1.919,1.941,1.3309,1.326
CMP-1000-0139,ISRO-TEST-UPLOAD-1000,15,11.117,11.165,2.506,2.565,1.2435,1.2388
CMP-1000-0140,ISRO-TEST-UPLOAD-1000,14,10.828,11.036,2.47,2.469,1.225,1.2163
CMP-1000-0141,ISRO-TEST-UPLOAD-1000,3,10.168,10.38,2.394,2.434,1.3685,1.3664
CMP-1000-0142,ISRO-TEST-UPLOAD-1000,1,45.131,46.735,9.412,10.212,1.5698,1.6198
CMP-1000-0143,ISRO-TEST-UPLOAD-1000,5,12.15,12.494,2.299,2.325,1.1679,1.1771
CMP-1000-0144,ISRO-TEST-UPLOAD-1000,23,10.532,10.637,2.409,2.392,1.2591,1.2639
CMP-1000-0145,ISRO-TEST-UPLOAD-1000,14,10.843,10.886,2.104,2.114,1.1514,1.1549
CMP-1000-0146,ISRO-TEST-UPLOAD-1000,7,12.021,12.288,2.524,2.613,1.3289,1.331
CMP-1000-0147,ISRO-TEST-UPLOAD-1000,9,9.21,9.215,2.96,3.015,1.1858,1.1879
CMP-1000-0148,ISRO-TEST-UPLOAD-1000,15,12.462,12.742,3.074,3.076,1.2691,1.2693
CMP-1000-0149,ISRO-TEST-UPLOAD-1000,15,10.028,10.277,2.13,2.18,1.1197,1.122
CMP-1000-0150,ISRO-TEST-UPLOAD-1000,10,11.747,18.12,2.332,2.732,1.0382,1.1182
CMP-1000-0151,ISRO-TEST-UPLOAD-1000,13,11.62,11.972,2.371,2.426,1.1344,1.1398
CMP-1000-0152,ISRO-TEST-UPLOAD-1000,19,9.564,9.753,2.755,2.772,1.1916,1.1985
CMP-1000-0153,ISRO-TEST-UPLOAD-1000,7,9.284,9.477,2.385,2.39,1.2763,1.2828
CMP-1000-0154,ISRO-TEST-UPLOAD-1000,17,11.302,11.659,2.191,2.266,1.1969,1.1938
CMP-1000-0155,ISRO-TEST-UPLOAD-1000,20,12.185,12.517,2.278,2.304,1.3329,1.3352
CMP-1000-0156,ISRO-TEST-UPLOAD-1000,4,11.866,12.259,2.391,2.436,1.2382,1.2367
CMP-1000-0157,ISRO-TEST-UPLOAD-1000,5,10.389,10.604,2.509,2.547,1.2158,1.2113
CMP-1000-0158,ISRO-TEST-UPLOAD-1000,23,37.918,39.127,8.335,9.135,1.6469,1.6969
CMP-1000-0159,ISRO-TEST-UPLOAD-1000,7,9.393,9.578,2.302,2.359,1.1886,1.1955
CMP-1000-0160,ISRO-TEST-UPLOAD-1000,13,12.355,12.609,2.521,2.535,1.2061,1.2057
CMP-1000-0161,ISRO-TEST-UPLOAD-1000,15,9.756,9.706,2.288,2.305,1.2373,1.2331
CMP-1000-0162,ISRO-TEST-UPLOAD-1000,11,9.285,9.354,2.205,2.267,1.1783,1.1778
CMP-1000-0163,ISRO-TEST-UPLOAD-1000,4,10.536,10.677,2.016,2.066,1.24,1.2473
CMP-1000-0164,ISRO-TEST-UPLOAD-1000,13,10.948,11.139,2.591,2.619,1.1143,1.1126
CMP-1000-0165,ISRO-TEST-UPLOAD-1000,7,11.288,11.574,2.498,2.56,1.1637,1.1623
CMP-1000-0166,ISRO-TEST-UPLOAD-1000,19,38.777,40.197,8.042,8.842,1.5476,1.5976
CMP-1000-0167,ISRO-TEST-UPLOAD-1000,22,11.401,11.565,2.384,2.393,1.0889,1.0897
CMP-1000-0168,ISRO-TEST-UPLOAD-1000,2,9.313,9.322,2.969,2.978,1.2329,1.2287
CMP-1000-0169,ISRO-TEST-UPLOAD-1000,10,11.443,11.754,2.22,2.307,1.1022,1.1004
CMP-1000-0170,ISRO-TEST-UPLOAD-1000,13,10.362,10.464,3.006,3.028,1.2273,1.2256
CMP-1000-0171,ISRO-TEST-UPLOAD-1000,25,10.047,10.367,2.759,2.855,1.2272,1.2349
CMP-1000-0172,ISRO-TEST-UPLOAD-1000,21,11.178,11.444,1.995,2.029,1.0348,1.039
CMP-1000-0173,ISRO-TEST-UPLOAD-1000,6,8.471,8.81,2.078,2.187,1.1971,1.202
CMP-1000-0174,ISRO-TEST-UPLOAD-1000,12,9.204,9.44,2.124,2.168,1.2613,1.2687
CMP-1000-0175,ISRO-TEST-UPLOAD-1000,12,11.952,12.471,2.707,2.778,1.2885,1.2935
CMP-1000-0176,ISRO-TEST-UPLOAD-1000,20,11.342,11.783,2.54,2.559,1.1894,1.1951
CMP-1000-0177,ISRO-TEST-UPLOAD-1000,11,10.137,10.409,2.331,2.355,1.1943,1.1989
CMP-1000-0178,ISRO-TEST-UPLOAD-1000,23,11.346,11.812,2.537,2.498,1.2739,1.2656
CMP-1000-0179,ISRO-TEST-UPLOAD-1000,25,10.967,11.127,2.844,2.914,1.1972,1.2025
CMP-1000-0180,ISRO-TEST-UPLOAD-1000,7,10.162,10.497,2.837,2.849,1.2584,1.2549
CMP-1000-0181,ISRO-TEST-UPLOAD-1000,1,9.221,9.495,2.806,2.834,1.2372,1.2353
CMP-1000-0182,ISRO-TEST-UPLOAD-1000,1,11.248,11.508,2.169,2.223,1.2109,1.2154
CMP-1000-0183,ISRO-TEST-UPLOAD-1000,25,14.131,19.383,2.745,3.145,1.0315,1.1115
CMP-1000-0184,ISRO-TEST-UPLOAD-1000,25,12.724,12.854,2.5,2.578,1.1422,1.1323
CMP-1000-0185,ISRO-TEST-UPLOAD-1000,20,38.756,40.544,6.557,7.357,1.5088,1.5588
CMP-1000-0186,ISRO-TEST-UPLOAD-1000,13,11.181,11.423,2.222,2.246,1.2087,1.2008
CMP-1000-0187,ISRO-TEST-UPLOAD-1000,9,10.153,10.579,2.413,2.387,1.2126,1.1973
CMP-1000-0188,ISRO-TEST-UPLOAD-1000,3,8.619,8.712,2.197,2.226,1.2477,1.2466
CMP-1000-0189,ISRO-TEST-UPLOAD-1000,7,10.747,10.71,2.058,2.103,1.2952,1.299
CMP-1000-0190,ISRO-TEST-UPLOAD-1000,6,10.329,10.626,1.98,2.006,1.1954,1.1968
CMP-1000-0191,ISRO-TEST-UPLOAD-1000,8,9.642,9.972,2.775,2.825,1.2126,1.2123
CMP-1000-0192,ISRO-TEST-UPLOAD-1000,9,10.195,10.394,2.496,2.451,1.2039,1.1966
CMP-1000-0193,ISRO-TEST-UPLOAD-1000,5,10.96,11.142,2.723,2.749,1.1261,1.1301
CMP-1000-0194,ISRO-TEST-UPLOAD-1000,1,9.532,9.839,2.935,2.93,1.2762,1.275
CMP-1000-0195,ISRO-TEST-UPLOAD-1000,19,42.591,44.563,7.248,8.048,1.5264,1.5764
CMP-1000-0196,ISRO-TEST-UPLOAD-1000,10,12.092,12.368,3.192,3.21,1.1857,1.1891
CMP-1000-0197,ISRO-TEST-UPLOAD-1000,12,12.885,13.155,2.811,2.901,1.3228,1.3175
CMP-1000-0198,ISRO-TEST-UPLOAD-1000,24,12.364,12.639,2.696,2.699,1.2106,1.209
CMP-1000-0199,ISRO-TEST-UPLOAD-1000,15,12.099,12.154,2.336,2.352,1.3218,1.3192
CMP-1000-0200,ISRO-TEST-UPLOAD-1000,22,11.452,11.615,2.419,2.494,1.1511,1.1458
CMP-1000-0201,ISRO-TEST-UPLOAD-1000,24,11.183,11.494,1.988,1.995,1.2655,1.2695
CMP-1000-0202,ISRO-TEST-UPLOAD-1000,9,8.229,8.325,2.981,3.037,1.3344,1.3279
CMP-1000-0203,ISRO-TEST-UPLOAD-1000,20,11.864,12.238,2.191,2.242,1.1273,1.1268
CMP-1000-0204,ISRO-TEST-UPLOAD-1000,17,13.908,18.794,1.956,2.356,1.1153,1.1953
CMP-1000-0205,ISRO-TEST-UPLOAD-1000,17,11.551,11.862,2.038,2.067,1.0885,1.0859
CMP-1000-0206,ISRO-TEST-UPLOAD-1000,20,10.504,10.718,2.81,2.86,1.0864,1.0898
CMP-1000-0207,ISRO-TEST-UPLOAD-1000,12,10.662,10.808,2.546,2.583,1.2088,1.2124
CMP-1000-0208,ISRO-TEST-UPLOAD-1000,7,10.183,10.32,2.158,2.188,1.2575,1.2636
CMP-1000-0209,ISRO-TEST-UPLOAD-1000,2,10.296,10.644,2.88,2.943,1.3189,1.3117
CMP-1000-0210,ISRO-TEST-UPLOAD-1000,3,10.026,10.3,2.455,2.465,1.2534,1.2494
CMP-1000-0211,ISRO-TEST-UPLOAD-1000,17,10.209,10.588,2.385,2.422,1.2417,1.2425
CMP-1000-0212,ISRO-TEST-UPLOAD-1000,5,10.108,10.342,2.318,2.325,1.007,1.0064
CMP-1000-0213,ISRO-TEST-UPLOAD-1000,17,11.726,11.826,2.758,2.878,1.1626,1.1681
CMP-1000-0214,ISRO-TEST-UPLOAD-1000,24,11.893,12.076,2.729,2.792,1.1205,1.1257
CMP-1000-0215,ISRO-TEST-UPLOAD-1000,17,9.282,9.671,2.472,2.518,1.1343,1.133
CMP-1000-0216,ISRO-TEST-UPLOAD-1000,17,11.956,12.236,1.99,2.043,1.2385,1.2415
CMP-1000-0217,ISRO-TEST-UPLOAD-1000,2,8.872,8.943,2.412,2.444,1.0969,1.1045
CMP-1000-0218,ISRO-TEST-UPLOAD-1000,2,9.027,9.263,2.773,2.768,1.2368,1.2342
CMP-1000-0219,ISRO-TEST-UPLOAD-1000,22,10.835,10.965,2.503,2.584,1.3007,1.301
CMP-1000-0220,ISRO-TEST-UPLOAD-1000,23,12.271,12.548,3.024,3.041,1.124,1.1256
CMP-1000-0221,ISRO-TEST-UPLOAD-1000,5,11.672,11.965,2.37,2.467,1.3867,1.3908
CMP-1000-0222,ISRO-TEST-UPLOAD-1000,1,44.66,46.694,7.48,8.28,1.6299,1.6799
CMP-1000-0223,ISRO-TEST-UPLOAD-1000,1,10.13,10.397,2.564,2.571,1.2577,1.2477
CMP-1000-0224,ISRO-TEST-UPLOAD-1000,19,9.503,9.743,2.386,2.399,1.1423,1.1367
CMP-1000-0225,ISRO-TEST-UPLOAD-1000,2,10.722,10.975,2.369,2.459,1.0851,1.0905
CMP-1000-0226,ISRO-TEST-UPLOAD-1000,21,10.03,10.401,2.821,2.836,1.0967,1.0882
CMP-1000-0227,ISRO-TEST-UPLOAD-1000,12,10.571,10.924,2.238,2.275,1.1125,1.1052
CMP-1000-0228,ISRO-TEST-UPLOAD-1000,6,41.718,42.78,6.641,7.441,1.387,1.437
CMP-1000-0229,ISRO-TEST-UPLOAD-1000,23,12.304,12.786,2.452,2.478,1.1506,1.1501
CMP-1000-0230,ISRO-TEST-UPLOAD-1000,4,9.867,10.202,2.523,2.577,1.1226,1.1103
CMP-1000-0231,ISRO-TEST-UPLOAD-1000,23,9.851,10.335,2.198,2.264,1.175,1.1732
CMP-1000-0232,ISRO-TEST-UPLOAD-1000,11,11.743,11.857,2.193,2.194,1.1538,1.1593
CMP-1000-0233,ISRO-TEST-UPLOAD-1000,24,9.182,9.48,2.704,2.711,1.2402,1.2419
CMP-1000-0234,ISRO-TEST-UPLOAD-1000,17,11.448,11.711,2.292,2.352,1.1978,1.1984
CMP-1000-0235,ISRO-TEST-UPLOAD-1000,6,9.571,9.965,2.625,2.586,1.147,1.1467
CMP-1000-0236,ISRO-TEST-UPLOAD-1000,24,10.319,10.726,2.73,2.768,1.2409,1.2372
CMP-1000-0237,ISRO-TEST-UPLOAD-1000,5,8.308,8.723,2.949,2.968,1.1896,1.1909
CMP-1000-0238,ISRO-TEST-UPLOAD-1000,20,14.032,20.54,1.929,2.329,1.1024,1.1824
CMP-1000-0239,ISRO-TEST-UPLOAD-1000,2,10.456,10.746,2.887,2.878,1.0968,1.0989
CMP-1000-0240,ISRO-TEST-UPLOAD-1000,6,11.246,11.332,2.225,2.22,1.1484,1.145
CMP-1000-0241,ISRO-TEST-UPLOAD-1000,22,11.346,11.775,2.568,2.599,1.3337,1.3358
CMP-1000-0242,ISRO-TEST-UPLOAD-1000,11,9.602,10.126,2.225,2.236,1.1089,1.1042
CMP-1000-0243,ISRO-TEST-UPLOAD-1000,16,10.953,11.247,2.496,2.543,1.2101,1.2115
CMP-1000-0244,ISRO-TEST-UPLOAD-1000,16,9.449,9.775,2.227,2.259,1.2232,1.2184
CMP-1000-0245,ISRO-TEST-UPLOAD-1000,1,10.272,10.41,2.271,2.293,1.1148,1.1235
CMP-1000-0246,ISRO-TEST-UPLOAD-1000,9,11.179,11.333,3.118,3.136,1.2457,1.2433
CMP-1000-0247,ISRO-TEST-UPLOAD-1000,6,9.02,9.362,2.567,2.599,1.2845,1.2942
CMP-1000-0248,ISRO-TEST-UPLOAD-1000,16,8.641,9.023,2.468,2.499,1.2919,1.2973
CMP-1000-0249,ISRO-TEST-UPLOAD-1000,3,9.953,10.024,2.406,2.44,1.2336,1.2353
CMP-1000-0250,ISRO-TEST-UPLOAD-1000,20,10.262,10.229,1.906,1.911,1.1599,1.1618
CMP-1000-0251,ISRO-TEST-UPLOAD-1000,4,10.279,10.438,2.395,2.433,1.0979,1.0997
CMP-1000-0252,ISRO-TEST-UPLOAD-1000,19,11.049,11.278,2.704,2.686,1.1985,1.2027
CMP-1000-0253,ISRO-TEST-UPLOAD-1000,3,10.521,10.756,2.186,2.252,1.0281,1.0255
CMP-1000-0254,ISRO-TEST-UPLOAD-1000,19,12.304,12.616,2.554,2.598,1.2348,1.2385
CMP-1000-0255,ISRO-TEST-UPLOAD-1000,20,10.672,10.966,2.34,2.407,1.1787,1.1761
CMP-1000-0256,ISRO-TEST-UPLOAD-1000,7,9.98,10.32,2.516,2.561,1.0925,1.095
CMP-1000-0257,ISRO-TEST-UPLOAD-1000,20,10.675,10.989,2.661,2.782,1.0743,1.0794
CMP-1000-0258,ISRO-TEST-UPLOAD-1000,9,10.065,10.279,2.328,2.409,1.1718,1.1792
CMP-1000-0259,ISRO-TEST-UPLOAD-1000,1,11.195,11.59,2.425,2.497,1.1998,1.1975
CMP-1000-0260,ISRO-TEST-UPLOAD-1000,8,9.555,9.907,2.285,2.295,1.1348,1.1291
CMP-1000-0261,ISRO-TEST-UPLOAD-1000,7,9.267,9.51,2.1,2.114,1.1351,1.1376
CMP-1000-0262,ISRO-TEST-UPLOAD-1000,18,10.714,11.179,2.578,2.584,1.2239,1.2343
CMP-1000-0263,ISRO-TEST-UPLOAD-1000,8,8.992,8.936,2.365,2.403,1.3398,1.3392
CMP-1000-0264,ISRO-TEST-UPLOAD-1000,1,9.099,9.333,2.052,2.068,1.273,1.2714
CMP-1000-0265,ISRO-TEST-UPLOAD-1000,11,11.778,12.017,2.187,2.177,1.1278,1.1285
CMP-1000-0266,ISRO-TEST-UPLOAD-1000,25,10.609,10.846,2.086,2.108,1.2857,1.3009
CMP-1000-0267,ISRO-TEST-UPLOAD-1000,25,9.885,9.972,2.938,2.982,1.1855,1.1911
CMP-1000-0268,ISRO-TEST-UPLOAD-1000,18,12.545,12.799,2.451,2.519,1.1906,1.191
CMP-1000-0269,ISRO-TEST-UPLOAD-1000,23,11.734,11.908,2.751,2.793,1.2836,1.287
CMP-1000-0270,ISRO-TEST-UPLOAD-1000,10,10.544,10.701,2.28,2.315,1.0384,1.048
CMP-1000-0271,ISRO-TEST-UPLOAD-1000,3,11.057,11.323,2.833,2.862,1.2644,1.2609
CMP-1000-0272,ISRO-TEST-UPLOAD-1000,7,10.725,11.14,2.011,2.064,1.1677,1.1744
CMP-1000-0273,ISRO-TEST-UPLOAD-1000,16,11.016,11.048,1.857,1.907,1.214,1.215
CMP-1000-0274,ISRO-TEST-UPLOAD-1000,16,10.428,10.784,2.689,2.704,1.1493,1.153
CMP-1000-0275,ISRO-TEST-UPLOAD-1000,25,12.274,12.592,2.492,2.515,1.3021,1.3047
CMP-1000-0276,ISRO-TEST-UPLOAD-1000,20,11.643,11.725,1.699,1.813,1.3442,1.3387
CMP-1000-0277,ISRO-TEST-UPLOAD-1000,17,11.396,11.443,2.244,2.24,1.2074,1.1996
CMP-1000-0278,ISRO-TEST-UPLOAD-1000,2,11.551,17.094,2.359,2.759,1.172,1.252
CMP-1000-0279,ISRO-TEST-UPLOAD-1000,1,11.494,11.542,2.047,2.078,1.1954,1.195
CMP-1000-0280,ISRO-TEST-UPLOAD-1000,16,9.601,9.7,2.694,2.733,1.2836,1.2839
CMP-1000-0281,ISRO-TEST-UPLOAD-1000,12,12.017,12.325,2.522,2.531,1.189,1.1928
CMP-1000-0282,ISRO-TEST-UPLOAD-1000,5,10.553,10.777,2.879,2.912,1.2701,1.2781
CMP-1000-0283,ISRO-TEST-UPLOAD-1000,5,10.25,10.473,1.992,1.978,1.2557,1.2556
CMP-1000-0284,ISRO-TEST-UPLOAD-1000,23,12.1,12.348,1.895,1.966,1.1476,1.1441
CMP-1000-0285,ISRO-TEST-UPLOAD-1000,9,10.581,10.697,2.75,2.789,1.2677,1.2655
CMP-1000-0286,ISRO-TEST-UPLOAD-1000,9,12.069,12.36,2.304,2.333,1.2048,1.2142
CMP-1000-0287,ISRO-TEST-UPLOAD-1000,3,10.374,10.582,2.289,2.34,1.1363,1.1311
CMP-1000-0288,ISRO-TEST-UPLOAD-1000,19,10.829,11.136,2.85,2.913,1.1916,1.1842
CMP-1000-0289,ISRO-TEST-UPLOAD-1000,16,8.769,9.001,2.237,2.226,1.1847,1.1851
CMP-1000-0290,ISRO-TEST-UPLOAD-1000,16,10.131,10.458,2.182,2.19,1.1265,1.1276
CMP-1000-0291,ISRO-TEST-UPLOAD-1000,3,43.236,44.749,6.987,7.787,1.4998,1.5498
CMP-1000-0292,ISRO-TEST-UPLOAD-1000,20,11.544,11.623,2.513,2.554,1.2219,1.2181
CMP-1000-0293,ISRO-TEST-UPLOAD-1000,24,12.142,12.477,2.673,2.711,1.135,1.1386
CMP-1000-0294,ISRO-TEST-UPLOAD-1000,22,12.485,12.668,2.706,2.758,1.0743,1.077
CMP-1000-0295,ISRO-TEST-UPLOAD-1000,24,11.583,18.393,2.524,2.924,1.1257,1.2057
CMP-1000-0296,ISRO-TEST-UPLOAD-1000,1,9.034,9.305,2.152,2.174,1.2568,1.2531
CMP-1000-0297,ISRO-TEST-UPLOAD-1000,24,8.764,8.803,2.378,2.395,1.2362,1.2343
CMP-1000-0298,ISRO-TEST-UPLOAD-1000,20,11.438,11.761,2.565,2.588,1.2164,1.2203
CMP-1000-0299,ISRO-TEST-UPLOAD-1000,11,11.358,11.524,2.611,2.619,1.163,1.1643
CMP-1000-0300,ISRO-TEST-UPLOAD-1000,17,9.558,9.838,2.72,2.771,1.0529,1.052
CMP-1000-0301,ISRO-TEST-UPLOAD-1000,8,9.324,9.483,2.225,2.232,1.0733,1.0791
CMP-1000-0302,ISRO-TEST-UPLOAD-1000,4,10.436,10.628,3.024,3.103,1.1826,1.1793
CMP-1000-0303,ISRO-TEST-UPLOAD-1000,6,10.08,10.198,2.575,2.612,1.2782,1.2796
CMP-1000-0304,ISRO-TEST-UPLOAD-1000,8,10.017,10.333,2.566,2.616,1.1939,1.1957
CMP-1000-0305,ISRO-TEST-UPLOAD-1000,20,11.898,12.127,2.496,2.477,1.0871,1.0865
CMP-1000-0306,ISRO-TEST-UPLOAD-1000,3,11.489,12.039,2.224,2.251,1.1627,1.169
CMP-1000-0307,ISRO-TEST-UPLOAD-1000,16,10.767,10.98,2.738,2.763,1.2829,1.2884
CMP-1000-0308,ISRO-TEST-UPLOAD-1000,25,10.738,10.751,2.858,2.901,1.2039,1.2003
CMP-1000-0309,ISRO-TEST-UPLOAD-1000,3,8.922,9.07,2.695,2.733,1.258,1.2624
CMP-1000-0310,ISRO-TEST-UPLOAD-1000,25,10.776,11.187,2.469,2.461,1.2195,1.2204
CMP-1000-0311,ISRO-TEST-UPLOAD-1000,18,11.088,11.603,2.632,2.67,1.1542,1.1627
CMP-1000-0312,ISRO-TEST-UPLOAD-1000,14,9.468,9.512,2.448,2.512,1.2068,1.2154
CMP-1000-0313,ISRO-TEST-UPLOAD-1000,18,11.159,11.363,2.138,2.17,1.1735,1.1807
CMP-1000-0314,ISRO-TEST-UPLOAD-1000,2,8.078,8.308,2.684,2.67,1.22,1.227
CMP-1000-0315,ISRO-TEST-UPLOAD-1000,22,9.497,9.628,2.287,2.329,1.1314,1.1293
CMP-1000-0316,ISRO-TEST-UPLOAD-1000,3,10.369,10.477,2.553,2.604,1.3346,1.3386
CMP-1000-0317,ISRO-TEST-UPLOAD-1000,16,10.901,11.281,2.769,2.766,1.0909,1.0972
CMP-1000-0318,ISRO-TEST-UPLOAD-1000,9,11.114,11.293,2.533,2.574,1.2427,1.2415
CMP-1000-0319,ISRO-TEST-UPLOAD-1000,4,11.093,11.232,2.914,2.944,1.1859,1.1885
CMP-1000-0320,ISRO-TEST-UPLOAD-1000,1,10.378,10.531,3.131,3.147,1.1949,1.1926
CMP-1000-0321,ISRO-TEST-UPLOAD-1000,4,11.108,11.225,2.696,2.738,1.2442,1.2431
CMP-1000-0322,ISRO-TEST-UPLOAD-1000,1,9.063,9.326,2.755,2.819,1.1353,1.1306
CMP-1000-0323,ISRO-TEST-UPLOAD-1000,14,8.819,8.973,2.333,2.347,1.1563,1.1615
CMP-1000-0324,ISRO-TEST-UPLOAD-1000,21,11.029,11.277,2.698,2.774,1.2633,1.268
CMP-1000-0325,ISRO-TEST-UPLOAD-1000,16,12.594,12.937,2.579,2.602,1.2638,1.265
CMP-1000-0326,ISRO-TEST-UPLOAD-1000,20,40.659,42.996,7.235,8.035,1.4989,1.5489
CMP-1000-0327,ISRO-TEST-UPLOAD-1000,24,9.68,9.903,2.531,2.578,1.2351,1.2383
CMP-1000-0328,ISRO-TEST-UPLOAD-1000,8,11.492,11.812,2.262,2.295,1.2539,1.26
CMP-1000-0329,ISRO-TEST-UPLOAD-1000,7,9.623,9.659,2.38,2.414,1.2429,1.2446
CMP-1000-0330,ISRO-TEST-UPLOAD-1000,3,7.847,8.06,2.156,2.185,1.2609,1.2635
CMP-1000-0331,ISRO-TEST-UPLOAD-1000,17,12.674,13.019,2.197,2.207,1.246,1.2496
CMP-1000-0332,ISRO-TEST-UPLOAD-1000,1,73.85,83.15,24.315,27.315,3.0756,3.2756
CMP-1000-0333,ISRO-TEST-UPLOAD-1000,16,9.723,9.755,2.802,2.763,1.1409,1.1433
CMP-1000-0334,ISRO-TEST-UPLOAD-1000,12,7.752,8.026,3.119,3.158,1.2603,1.2596
CMP-1000-0335,ISRO-TEST-UPLOAD-1000,19,69.309,76.523,34.481,37.481,3.0002,3.2002
CMP-1000-0336,ISRO-TEST-UPLOAD-1000,22,10.028,10.451,2.438,2.474,1.1542,1.1528
CMP-1000-0337,ISRO-TEST-UPLOAD-1000,23,11.934,11.901,2.98,3.032,1.2661,1.2661
CMP-1000-0338,ISRO-TEST-UPLOAD-1000,22,9.0,9.166,2.69,2.749,1.4046,1.4028
CMP-1000-0339,ISRO-TEST-UPLOAD-1000,14,10.186,10.705,2.764,2.8,1.0937,1.0952
CMP-1000-0340,ISRO-TEST-UPLOAD-1000,6,11.09,11.314,2.812,2.827,1.1071,1.1042
CMP-1000-0341,ISRO-TEST-UPLOAD-1000,6,11.901,12.118,2.827,2.826,1.1767,1.176
CMP-1000-0342,ISRO-TEST-UPLOAD-1000,13,11.542,11.9,3.228,3.247,1.1333,1.1339
CMP-1000-0343,ISRO-TEST-UPLOAD-1000,19,10.757,10.93,2.634,2.687,1.1251,1.1293
CMP-1000-0344,ISRO-TEST-UPLOAD-1000,22,10.636,10.851,2.514,2.574,1.1188,1.117
CMP-1000-0345,ISRO-TEST-UPLOAD-1000,8,10.9,11.073,2.775,2.81,1.4182,1.4175
CMP-1000-0346,ISRO-TEST-UPLOAD-1000,2,10.383,10.575,2.953,3.02,1.0293,1.0252
CMP-1000-0347,ISRO-TEST-UPLOAD-1000,21,10.689,11.014,2.552,2.602,1.1297,1.1364
CMP-1000-0348,ISRO-TEST-UPLOAD-1000,1,10.065,10.378,2.719,2.776,1.2048,1.21
CMP-1000-0349,ISRO-TEST-UPLOAD-1000,15,10.735,15.244,2.446,2.846,1.2463,1.3263
CMP-1000-0350,ISRO-TEST-UPLOAD-1000,1,68.977,73.625,25.643,28.643,3.1618,3.3618
CMP-1000-0351,ISRO-TEST-UPLOAD-1000,5,10.014,10.182,2.836,2.827,1.3238,1.3236
CMP-1000-0352,ISRO-TEST-UPLOAD-1000,16,57.026,61.137,22.39,25.39,3.06,3.26
CMP-1000-0353,ISRO-TEST-UPLOAD-1000,19,57.961,63.846,16.186,19.186,2.7052,2.9052
CMP-1000-0354,ISRO-TEST-UPLOAD-1000,4,11.474,11.691,2.535,2.565,1.3697,1.3782
CMP-1000-0355,ISRO-TEST-UPLOAD-1000,3,63.757,67.949,33.163,36.163,2.6976,2.8976
CMP-1000-0356,ISRO-TEST-UPLOAD-1000,17,11.687,12.02,2.129,2.169,1.3219,1.3159
CMP-1000-0357,ISRO-TEST-UPLOAD-1000,17,11.315,11.463,2.549,2.564,1.3729,1.3783
CMP-1000-0358,ISRO-TEST-UPLOAD-1000,12,10.614,10.986,2.442,2.469,1.1683,1.1712
CMP-1000-0359,ISRO-TEST-UPLOAD-1000,14,9.943,10.115,2.55,2.593,1.0122,1.023
CMP-1000-0360,ISRO-TEST-UPLOAD-1000,21,11.91,12.15,2.379,2.415,1.1116,1.1183
CMP-1000-0361,ISRO-TEST-UPLOAD-1000,6,9.897,10.074,2.332,2.382,1.2896,1.283
CMP-1000-0362,ISRO-TEST-UPLOAD-1000,3,11.859,11.887,2.8,2.857,1.1633,1.1604
CMP-1000-0363,ISRO-TEST-UPLOAD-1000,9,11.301,11.668,2.282,2.311,1.1865,1.186
CMP-1000-0364,ISRO-TEST-UPLOAD-1000,5,10.998,11.17,2.382,2.408,1.2254,1.2377
CMP-1000-0365,ISRO-TEST-UPLOAD-1000,24,8.654,8.769,3.098,3.129,1.1244,1.1291
CMP-1000-0366,ISRO-TEST-UPLOAD-1000,17,11.976,12.173,2.201,2.241,1.0142,1.0128
CMP-1000-0367,ISRO-TEST-UPLOAD-1000,14,9.414,9.538,2.635,2.664,1.2792,1.2762
CMP-1000-0368,ISRO-TEST-UPLOAD-1000,21,10.325,10.451,2.63,2.71,1.1589,1.1608
CMP-1000-0369,ISRO-TEST-UPLOAD-1000,3,9.301,9.766,2.66,2.729,1.1448,1.1469
CMP-1000-0370,ISRO-TEST-UPLOAD-1000,1,10.349,10.418,2.254,2.271,1.2009,1.208
CMP-1000-0371,ISRO-TEST-UPLOAD-1000,20,10.013,10.181,1.631,1.693,1.1984,1.196
CMP-1000-0372,ISRO-TEST-UPLOAD-1000,21,11.396,11.576,1.824,1.799,1.1226,1.1257
CMP-1000-0373,ISRO-TEST-UPLOAD-1000,23,12.485,17.84,2.714,3.114,1.2475,1.3275
CMP-1000-0374,ISRO-TEST-UPLOAD-1000,1,9.053,9.166,2.768,2.789,1.2259,1.2293
CMP-1000-0375,ISRO-TEST-UPLOAD-1000,3,12.152,17.542,2.96,3.36,1.0156,1.0956
CMP-1000-0376,ISRO-TEST-UPLOAD-1000,18,11.822,12.181,2.272,2.294,1.2088,1.2183
CMP-1000-0377,ISRO-TEST-UPLOAD-1000,25,9.541,9.63,2.348,2.414,1.1246,1.1318
CMP-1000-0378,ISRO-TEST-UPLOAD-1000,10,8.406,8.713,2.257,2.299,1.3512,1.3529
CMP-1000-0379,ISRO-TEST-UPLOAD-1000,22,10.485,10.785,2.768,2.838,1.2159,1.2146
CMP-1000-0380,ISRO-TEST-UPLOAD-1000,3,9.062,9.366,1.753,1.795,1.1592,1.1634
CMP-1000-0381,ISRO-TEST-UPLOAD-1000,8,73.833,77.723,26.52,29.52,2.8637,3.0637
CMP-1000-0382,ISRO-TEST-UPLOAD-1000,14,12.119,12.08,2.511,2.577,1.1252,1.1305
CMP-1000-0383,ISRO-TEST-UPLOAD-1000,24,12.287,12.47,2.812,2.824,1.1379,1.1451
CMP-1000-0384,ISRO-TEST-UPLOAD-1000,18,8.82,8.935,2.554,2.612,1.0632,1.0746
CMP-1000-0385,ISRO-TEST-UPLOAD-1000,15,12.793,12.886,2.874,2.949,1.2452,1.2496
CMP-1000-0386,ISRO-TEST-UPLOAD-1000,22,9.972,9.899,2.611,2.628,1.2377,1.2349
CMP-1000-0387,ISRO-TEST-UPLOAD-1000,23,12.344,12.584,2.162,2.155,1.1668,1.1703
CMP-1000-0388,ISRO-TEST-UPLOAD-1000,2,10.472,10.639,2.694,2.762,1.1521,1.1543
CMP-1000-0389,ISRO-TEST-UPLOAD-1000,10,11.016,11.146,2.685,2.718,1.228,1.2267
CMP-1000-0390,ISRO-TEST-UPLOAD-1000,2,11.277,11.595,2.55,2.635,1.2271,1.2287
CMP-1000-0391,ISRO-TEST-UPLOAD-1000,17,9.781,10.147,2.752,2.77,1.214,1.2089
CMP-1000-0392,ISRO-TEST-UPLOAD-1000,8,10.274,10.458,2.664,2.664,1.2387,1.2451
CMP-1000-0393,ISRO-TEST-UPLOAD-1000,1,10.671,11.027,2.498,2.511,1.1946,1.2023
CMP-1000-0394,ISRO-TEST-UPLOAD-1000,9,11.254,11.411,2.357,2.374,1.069,1.0723
CMP-1000-0395,ISRO-TEST-UPLOAD-1000,11,10.071,10.388,2.932,2.966,1.074,1.0812
CMP-1000-0396,ISRO-TEST-UPLOAD-1000,22,9.396,9.55,2.574,2.584,1.3006,1.2996
CMP-1000-0397,ISRO-TEST-UPLOAD-1000,16,12.421,12.426,2.762,2.837,1.1422,1.1395
CMP-1000-0398,ISRO-TEST-UPLOAD-1000,7,7.714,7.925,2.434,2.453,1.2482,1.2452
CMP-1000-0399,ISRO-TEST-UPLOAD-1000,10,11.58,19.299,2.809,3.209,1.2349,1.3149
CMP-1000-0400,ISRO-TEST-UPLOAD-1000,23,10.53,10.882,2.49,2.498,1.1621,1.171
CMP-1000-0401,ISRO-TEST-UPLOAD-1000,3,45.307,47.564,5.767,6.567,1.5636,1.6136
CMP-1000-0402,ISRO-TEST-UPLOAD-1000,18,10.265,10.476,2.549,2.621,1.1154,1.1221
CMP-1000-0403,ISRO-TEST-UPLOAD-1000,25,55.636,63.406,29.798,32.798,3.7786,3.9786
CMP-1000-0404,ISRO-TEST-UPLOAD-1000,24,10.043,10.337,2.154,2.168,1.1928,1.1959
CMP-1000-0405,ISRO-TEST-UPLOAD-1000,13,9.526,10.03,2.226,2.272,1.3172,1.327
CMP-1000-0406,ISRO-TEST-UPLOAD-1000,7,44.87,47.217,7.255,8.055,1.5487,1.5987
CMP-1000-0407,ISRO-TEST-UPLOAD-1000,25,10.077,10.299,2.519,2.546,1.1608,1.1652
CMP-1000-0408,ISRO-TEST-UPLOAD-1000,4,10.676,10.965,2.35,2.365,1.2126,1.2115
CMP-1000-0409,ISRO-TEST-UPLOAD-1000,13,11.146,11.575,2.751,2.793,1.1717,1.1684
CMP-1000-0410,ISRO-TEST-UPLOAD-1000,20,10.751,11.027,2.515,2.611,1.2797,1.2885
CMP-1000-0411,ISRO-TEST-UPLOAD-1000,1,11.151,11.518,2.384,2.393,1.0339,1.039
CMP-1000-0412,ISRO-TEST-UPLOAD-1000,8,11.372,11.667,2.086,2.12,1.2717,1.2737
CMP-1000-0413,ISRO-TEST-UPLOAD-1000,14,11.325,11.429,2.751,2.735,1.1487,1.1592
CMP-1000-0414,ISRO-TEST-UPLOAD-1000,16,9.359,9.568,2.839,2.877,1.0565,1.0636
CMP-1000-0415,ISRO-TEST-UPLOAD-1000,14,9.388,9.702,2.205,2.257,1.1801,1.1854
CMP-1000-0416,ISRO-TEST-UPLOAD-1000,12,9.72,10.075,2.363,2.382,1.246,1.2379
CMP-1000-0417,ISRO-TEST-UPLOAD-1000,19,11.321,11.254,2.013,2.033,1.144,1.1494
CMP-1000-0418,ISRO-TEST-UPLOAD-1000,23,12.038,12.358,2.809,2.802,1.0728,1.0744
CMP-1000-0419,ISRO-TEST-UPLOAD-1000,15,13.886,14.496,2.282,2.34,1.3159,1.3221
CMP-1000-0420,ISRO-TEST-UPLOAD-1000,2,10.354,10.619,1.98,2.013,1.0725,1.0769
CMP-1000-0421,ISRO-TEST-UPLOAD-1000,2,44.074,45.744,7.276,8.076,1.7255,1.7755
CMP-1000-0422,ISRO-TEST-UPLOAD-1000,23,11.631,11.811,2.482,2.493,1.196,1.1951
CMP-1000-0423,ISRO-TEST-UPLOAD-1000,22,10.758,10.97,2.257,2.254,1.2067,1.2116
CMP-1000-0424,ISRO-TEST-UPLOAD-1000,19,9.247,9.748,2.668,2.67,1.2711,1.2786
CMP-1000-0425,ISRO-TEST-UPLOAD-1000,25,11.056,11.197,1.914,1.965,1.2735,1.2852
CMP-1000-0426,ISRO-TEST-UPLOAD-1000,22,10.132,10.412,2.194,2.236,1.2827,1.2821
CMP-1000-0427,ISRO-TEST-UPLOAD-1000,22,8.385,8.505,2.666,2.677,1.2756,1.2884
CMP-1000-0428,ISRO-TEST-UPLOAD-1000,17,10.912,18.458,2.926,3.326,1.2279,1.3079
CMP-1000-0429,ISRO-TEST-UPLOAD-1000,20,10.277,10.598,2.515,2.53,1.2548,1.255
CMP-1000-0430,ISRO-TEST-UPLOAD-1000,10,11.066,11.336,2.577,2.637,1.2955,1.2919
CMP-1000-0431,ISRO-TEST-UPLOAD-1000,6,11.041,11.115,2.335,2.332,1.1468,1.1502
CMP-1000-0432,ISRO-TEST-UPLOAD-1000,15,10.596,11.01,2.637,2.704,1.2582,1.2558
CMP-1000-0433,ISRO-TEST-UPLOAD-1000,22,9.912,10.102,2.554,2.61,1.2472,1.2555
CMP-1000-0434,ISRO-TEST-UPLOAD-1000,11,12.781,17.25,2.141,2.541,1.1391,1.2191
CMP-1000-0435,ISRO-TEST-UPLOAD-1000,5,9.298,9.723,2.833,2.888,1.2277,1.2266
CMP-1000-0436,ISRO-TEST-UPLOAD-1000,1,11.659,11.845,2.463,2.49,1.1678,1.1687
CMP-1000-0437,ISRO-TEST-UPLOAD-1000,8,10.021,10.32,2.295,2.329,1.1526,1.1631
CMP-1000-0438,ISRO-TEST-UPLOAD-1000,21,11.317,11.679,2.537,2.552,1.1902,1.1929
CMP-1000-0439,ISRO-TEST-UPLOAD-1000,12,9.013,9.016,2.535,2.559,1.1009,1.0987
CMP-1000-0440,ISRO-TEST-UPLOAD-1000,12,12.603,12.812,2.699,2.765,1.1823,1.1906
CMP-1000-0441,ISRO-TEST-UPLOAD-1000,5,9.701,9.91,2.299,2.311,1.1199,1.1194
CMP-1000-0442,ISRO-TEST-UPLOAD-1000,7,9.97,10.386,3.011,3.063,1.1151,1.1198
CMP-1000-0443,ISRO-TEST-UPLOAD-1000,4,10.187,10.308,2.057,2.077,1.2745,1.2827
CMP-1000-0444,ISRO-TEST-UPLOAD-1000,6,9.0,9.367,2.62,2.592,1.2674,1.2693
CMP-1000-0445,ISRO-TEST-UPLOAD-1000,13,9.576,9.776,2.699,2.776,1.1986,1.2063
CMP-1000-0446,ISRO-TEST-UPLOAD-1000,20,10.416,10.621,2.184,2.244,1.3435,1.344
CMP-1000-0447,ISRO-TEST-UPLOAD-1000,15,9.851,9.944,2.34,2.369,1.2847,1.2858
CMP-1000-0448,ISRO-TEST-UPLOAD-1000,3,10.069,10.292,2.793,2.834,1.1672,1.1742
CMP-1000-0449,ISRO-TEST-UPLOAD-1000,23,12.142,12.566,2.975,2.995,1.0458,1.0386
CMP-1000-0450,ISRO-TEST-UPLOAD-1000,8,9.241,9.537,2.808,2.867,1.2478,1.244
CMP-1000-0451,ISRO-TEST-UPLOAD-1000,20,12.147,12.393,2.365,2.421,1.1805,1.1794
CMP-1000-0452,ISRO-TEST-UPLOAD-1000,16,13.279,13.667,2.361,2.313,1.1866,1.1828
CMP-1000-0453,ISRO-TEST-UPLOAD-1000,13,10.766,10.88,2.445,2.455,1.205,1.2104
CMP-1000-0454,ISRO-TEST-UPLOAD-1000,18,11.144,11.271,2.615,2.654,1.2358,1.2379
CMP-1000-0455,ISRO-TEST-UPLOAD-1000,10,10.962,11.288,2.53,2.554,1.2209,1.2222
CMP-1000-0456,ISRO-TEST-UPLOAD-1000,19,11.048,11.144,2.52,2.574,1.1224,1.1293
CMP-1000-0457,ISRO-TEST-UPLOAD-1000,17,11.17,11.284,2.474,2.456,1.2907,1.29
CMP-1000-0458,ISRO-TEST-UPLOAD-1000,24,10.374,10.606,2.593,2.583,1.3537,1.3564
CMP-1000-0459,ISRO-TEST-UPLOAD-1000,19,12.093,12.502,2.659,2.689,1.0636,1.0658
CMP-1000-0460,ISRO-TEST-UPLOAD-1000,23,12.05,12.321,2.137,2.17,1.2376,1.2359
CMP-1000-0461,ISRO-TEST-UPLOAD-1000,5,9.732,9.887,2.347,2.367,1.1295,1.1324
CMP-1000-0462,ISRO-TEST-UPLOAD-1000,21,8.951,9.145,2.614,2.648,1.2354,1.2395
CMP-1000-0463,ISRO-TEST-UPLOAD-1000,23,10.401,10.602,2.563,2.624,1.1027,1.1039
CMP-1000-0464,ISRO-TEST-UPLOAD-1000,9,9.604,10.07,2.584,2.6,1.2218,1.2153
CMP-1000-0465,ISRO-TEST-UPLOAD-1000,12,10.713,10.959,2.787,2.783,1.2513,1.2619
CMP-1000-0466,ISRO-TEST-UPLOAD-1000,21,11.215,11.409,2.717,2.746,1.3391,1.3403
CMP-1000-0467,ISRO-TEST-UPLOAD-1000,1,10.558,10.694,2.496,2.514,1.1926,1.1876
CMP-1000-0468,ISRO-TEST-UPLOAD-1000,1,10.96,11.334,2.438,2.498,1.1794,1.181
CMP-1000-0469,ISRO-TEST-UPLOAD-1000,15,10.569,10.779,2.742,2.787,1.0331,1.0387
CMP-1000-0470,ISRO-TEST-UPLOAD-1000,2,12.107,12.497,2.515,2.565,1.2415,1.2476
CMP-1000-0471,ISRO-TEST-UPLOAD-1000,22,11.791,12.076,2.157,2.186,1.1085,1.1093
CMP-1000-0472,ISRO-TEST-UPLOAD-1000,16,10.25,10.288,2.266,2.323,1.2618,1.2675
CMP-1000-0473,ISRO-TEST-UPLOAD-1000,25,10.764,10.928,2.817,2.856,1.1587,1.1559
CMP-1000-0474,ISRO-TEST-UPLOAD-1000,8,11.379,11.628,2.525,2.536,1.1973,1.195
CMP-1000-0475,ISRO-TEST-UPLOAD-1000,13,9.643,9.548,2.353,2.377,1.0707,1.0748
CMP-1000-0476,ISRO-TEST-UPLOAD-1000,21,6.984,7.158,2.523,2.604,1.2373,1.2351
CMP-1000-0477,ISRO-TEST-UPLOAD-1000,1,11.184,11.41,2.989,2.976,1.0811,1.0872
CMP-1000-0478,ISRO-TEST-UPLOAD-1000,16,11.554,11.802,1.812,1.813,1.2225,1.2271
CMP-1000-0479,ISRO-TEST-UPLOAD-1000,7,10.137,10.354,2.507,2.527,1.2042,1.2055
CMP-1000-0480,ISRO-TEST-UPLOAD-1000,5,10.129,10.383,2.215,2.235,1.2508,1.2499
CMP-1000-0481,ISRO-TEST-UPLOAD-1000,22,10.807,11.044,2.445,2.482,1.2095,1.2075
CMP-1000-0482,ISRO-TEST-UPLOAD-1000,23,9.858,10.198,2.387,2.422,1.1628,1.1619
CMP-1000-0483,ISRO-TEST-UPLOAD-1000,3,10.573,10.667,2.729,2.765,1.0933,1.0963
CMP-1000-0484,ISRO-TEST-UPLOAD-1000,12,11.671,16.492,3.153,3.553,1.2888,1.3688
CMP-1000-0485,ISRO-TEST-UPLOAD-1000,16,10.618,10.707,2.434,2.457,1.2294,1.2349
CMP-1000-0486,ISRO-TEST-UPLOAD-1000,19,10.986,10.99,2.583,2.574,1.1437,1.1419
CMP-1000-0487,ISRO-TEST-UPLOAD-1000,5,10.674,10.978,2.539,2.631,1.2529,1.2621
CMP-1000-0488,ISRO-TEST-UPLOAD-1000,22,12.224,12.551,2.909,3.009,1.1199,1.1168
CMP-1000-0489,ISRO-TEST-UPLOAD-1000,25,41.867,43.804,9.127,9.927,1.704,1.754
CMP-1000-0490,ISRO-TEST-UPLOAD-1000,14,11.905,12.118,2.801,2.909,1.0388,1.0418
CMP-1000-0491,ISRO-TEST-UPLOAD-1000,5,11.103,11.301,2.693,2.749,1.2198,1.2216
CMP-1000-0492,ISRO-TEST-UPLOAD-1000,15,10.788,10.82,2.229,2.264,1.1746,1.1845
CMP-1000-0493,ISRO-TEST-UPLOAD-1000,17,9.657,10.242,1.956,1.989,1.0686,1.0726
CMP-1000-0494,ISRO-TEST-UPLOAD-1000,14,11.853,12.25,2.688,2.709,1.2092,1.2154
CMP-1000-0495,ISRO-TEST-UPLOAD-1000,20,9.088,9.423,2.592,2.651,1.14,1.1497
CMP-1000-0496,ISRO-TEST-UPLOAD-1000,5,10.642,10.882,2.385,2.388,1.192,1.1873
CMP-1000-0497,ISRO-TEST-UPLOAD-1000,12,10.334,10.612,2.673,2.675,1.184,1.1861
CMP-1000-0498,ISRO-TEST-UPLOAD-1000,16,12.231,12.273,2.717,2.768,1.3645,1.3755
CMP-1000-0499,ISRO-TEST-UPLOAD-1000,16,11.704,11.878,2.9,2.955,1.2313,1.2349
CMP-1000-0500,ISRO-TEST-UPLOAD-1000,21,8.093,8.41,2.32,2.314,1.2435,1.2466
CMP-1000-0501,ISRO-TEST-UPLOAD-1000,7,10.921,16.583,1.961,2.361,1.1978,1.2778
CMP-1000-0502,ISRO-TEST-UPLOAD-1000,4,10.134,10.619,2.678,2.699,1.3054,1.3062
CMP-1000-0503,ISRO-TEST-UPLOAD-1000,1,10.259,10.454,2.065,2.103,1.1925,1.1882
CMP-1000-0504,ISRO-TEST-UPLOAD-1000,5,10.476,10.851,2.097,2.074,1.1482,1.1523
CMP-1000-0505,ISRO-TEST-UPLOAD-1000,23,41.265,43.046,6.398,7.198,1.6943,1.7443
CMP-1000-0506,ISRO-TEST-UPLOAD-1000,10,10.758,11.064,2.39,2.417,1.1633,1.1709
CMP-1000-0507,ISRO-TEST-UPLOAD-1000,22,9.627,9.77,2.433,2.458,1.2205,1.2255
CMP-1000-0508,ISRO-TEST-UPLOAD-1000,5,77.256,85.547,22.045,25.045,2.9075,3.1075
CMP-1000-0509,ISRO-TEST-UPLOAD-1000,4,9.62,9.796,2.838,2.901,1.2619,1.2694
CMP-1000-0510,ISRO-TEST-UPLOAD-1000,2,9.463,9.799,3.241,3.264,1.1123,1.1111
CMP-1000-0511,ISRO-TEST-UPLOAD-1000,20,10.275,10.402,2.813,2.899,1.1986,1.2075
CMP-1000-0512,ISRO-TEST-UPLOAD-1000,10,11.019,11.253,2.695,2.739,1.0881,1.0934
CMP-1000-0513,ISRO-TEST-UPLOAD-1000,19,11.053,11.379,2.921,2.923,1.1339,1.1283
CMP-1000-0514,ISRO-TEST-UPLOAD-1000,1,10.334,10.399,2.21,2.27,1.0695,1.0648
CMP-1000-0515,ISRO-TEST-UPLOAD-1000,24,11.86,12.201,2.536,2.528,1.1206,1.1218
CMP-1000-0516,ISRO-TEST-UPLOAD-1000,5,11.137,11.518,2.349,2.376,1.2102,1.2129
CMP-1000-0517,ISRO-TEST-UPLOAD-1000,13,9.79,9.913,2.177,2.194,1.2092,1.2119
CMP-1000-0518,ISRO-TEST-UPLOAD-1000,4,9.859,10.063,2.874,2.969,1.2522,1.2525
CMP-1000-0519,ISRO-TEST-UPLOAD-1000,16,9.05,8.982,2.24,2.279,1.2406,1.2434
CMP-1000-0520,ISRO-TEST-UPLOAD-1000,24,9.313,9.537,2.318,2.411,1.1836,1.1894
CMP-1000-0521,ISRO-TEST-UPLOAD-1000,16,11.883,12.258,2.351,2.434,1.2728,1.2798
CMP-1000-0522,ISRO-TEST-UPLOAD-1000,23,11.456,11.83,2.541,2.564,0.9738,0.9867
CMP-1000-0523,ISRO-TEST-UPLOAD-1000,2,12.451,17.531,2.303,2.703,1.2105,1.2905
CMP-1000-0524,ISRO-TEST-UPLOAD-1000,17,10.003,10.167,2.097,2.089,1.2683,1.2674
CMP-1000-0525,ISRO-TEST-UPLOAD-1000,20,10.379,10.572,2.99,3.037,1.2798,1.2747
CMP-1000-0526,ISRO-TEST-UPLOAD-1000,24,12.591,12.634,2.631,2.666,1.1847,1.1924
CMP-1000-0527,ISRO-TEST-UPLOAD-1000,12,10.342,10.599,2.489,2.495,1.298,1.2909
CMP-1000-0528,ISRO-TEST-UPLOAD-1000,18,10.757,10.99,1.6,1.606,1.2573,1.259
CMP-1000-0529,ISRO-TEST-UPLOAD-1000,3,10.921,11.239,1.829,1.838,1.1876,1.1914
CMP-1000-0530,ISRO-TEST-UPLOAD-1000,1,9.483,9.751,2.458,2.43,1.2619,1.2577
CMP-1000-0531,ISRO-TEST-UPLOAD-1000,1,10.528,10.89,2.879,2.886,1.2344,1.2375
CMP-1000-0532,ISRO-TEST-UPLOAD-1000,19,10.967,11.382,3.071,3.059,1.1836,1.1804
CMP-1000-0533,ISRO-TEST-UPLOAD-1000,11,9.867,10.32,1.944,2.034,1.309,1.3235
CMP-1000-0534,ISRO-TEST-UPLOAD-1000,5,9.949,10.047,2.391,2.415,1.2151,1.213
CMP-1000-0535,ISRO-TEST-UPLOAD-1000,12,12.442,17.99,2.429,2.829,1.126,1.206
CMP-1000-0536,ISRO-TEST-UPLOAD-1000,3,11.12,11.334,2.5,2.526,1.2897,1.2897
CMP-1000-0537,ISRO-TEST-UPLOAD-1000,1,10.642,10.874,2.517,2.492,1.1115,1.1044
CMP-1000-0538,ISRO-TEST-UPLOAD-1000,1,11.015,11.542,2.425,2.442,1.2949,1.3027
CMP-1000-0539,ISRO-TEST-UPLOAD-1000,8,11.85,12.232,2.847,2.861,1.3106,1.3108
CMP-1000-0540,ISRO-TEST-UPLOAD-1000,10,9.838,10.237,2.765,2.747,1.3015,1.3058
CMP-1000-0541,ISRO-TEST-UPLOAD-1000,11,13.82,14.145,2.229,2.303,1.1835,1.1825
CMP-1000-0542,ISRO-TEST-UPLOAD-1000,12,11.341,18.821,2.248,2.648,1.1682,1.2482
CMP-1000-0543,ISRO-TEST-UPLOAD-1000,13,8.709,8.949,2.179,2.198,1.1313,1.1327
CMP-1000-0544,ISRO-TEST-UPLOAD-1000,12,9.158,9.408,2.706,2.702,1.2336,1.2371
CMP-1000-0545,ISRO-TEST-UPLOAD-1000,14,10.353,10.69,2.864,2.876,1.1726,1.1776
CMP-1000-0546,ISRO-TEST-UPLOAD-1000,2,9.865,10.263,2.405,2.474,1.1117,1.1163
CMP-1000-0547,ISRO-TEST-UPLOAD-1000,19,10.136,10.489,1.693,1.765,1.1903,1.1876
CMP-1000-0548,ISRO-TEST-UPLOAD-1000,18,11.195,11.508,2.689,2.712,1.2613,1.2503
CMP-1000-0549,ISRO-TEST-UPLOAD-1000,3,10.766,10.954,2.841,2.854,1.3485,1.3486
CMP-1000-0550,ISRO-TEST-UPLOAD-1000,23,11.188,11.547,3.171,3.226,1.2286,1.2294
CMP-1000-0551,ISRO-TEST-UPLOAD-1000,17,54.631,63.328,24.121,27.121,2.7887,2.9887
CMP-1000-0552,ISRO-TEST-UPLOAD-1000,8,10.332,10.588,2.759,2.736,1.2596,1.2642
CMP-1000-0553,ISRO-TEST-UPLOAD-1000,10,11.974,12.201,2.267,2.321,1.1042,1.1024
CMP-1000-0554,ISRO-TEST-UPLOAD-1000,2,10.334,10.869,2.199,2.293,1.1433,1.1435
CMP-1000-0555,ISRO-TEST-UPLOAD-1000,19,13.513,19.656,2.49,2.89,1.1807,1.2607
CMP-1000-0556,ISRO-TEST-UPLOAD-1000,9,9.63,9.999,2.67,2.688,1.2147,1.2211
CMP-1000-0557,ISRO-TEST-UPLOAD-1000,7,10.452,10.468,2.396,2.425,1.3181,1.3113
CMP-1000-0558,ISRO-TEST-UPLOAD-1000,4,10.692,11.054,2.501,2.55,1.2494,1.2509
CMP-1000-0559,ISRO-TEST-UPLOAD-1000,21,10.722,11.033,2.24,2.306,1.2044,1.2014
CMP-1000-0560,ISRO-TEST-UPLOAD-1000,18,10.983,11.282,2.756,2.804,1.1518,1.1545
CMP-1000-0561,ISRO-TEST-UPLOAD-1000,13,13.13,13.514,2.618,2.643,1.0745,1.0767
CMP-1000-0562,ISRO-TEST-UPLOAD-1000,11,9.368,9.713,2.102,2.104,1.2333,1.2383
CMP-1000-0563,ISRO-TEST-UPLOAD-1000,24,11.102,11.175,2.057,2.038,1.2428,1.2429
CMP-1000-0564,ISRO-TEST-UPLOAD-1000,4,11.345,16.494,2.556,2.956,1.1303,1.2103
CMP-1000-0565,ISRO-TEST-UPLOAD-1000,25,13.818,14.047,2.424,2.439,1.2415,1.2437
CMP-1000-0566,ISRO-TEST-UPLOAD-1000,21,10.15,10.249,1.477,1.507,1.446,1.4497
CMP-1000-0567,ISRO-TEST-UPLOAD-1000,25,11.3,11.411,2.464,2.493,1.1023,1.1026
CMP-1000-0568,ISRO-TEST-UPLOAD-1000,4,7.427,7.543,2.116,2.122,1.0283,1.0282
CMP-1000-0569,ISRO-TEST-UPLOAD-1000,10,9.857,10.181,2.576,2.631,1.3328,1.3322
CMP-1000-0570,ISRO-TEST-UPLOAD-1000,5,11.202,11.615,2.9,2.896,1.1865,1.1931
CMP-1000-0571,ISRO-TEST-UPLOAD-1000,9,9.94,10.317,3.175,3.261,1.2804,1.2816
CMP-1000-0572,ISRO-TEST-UPLOAD-1000,24,10.889,11.045,2.486,2.487,1.09,1.0927
CMP-1000-0573,ISRO-TEST-UPLOAD-1000,3,8.872,8.976,2.719,2.748,1.1445,1.152
CMP-1000-0574,ISRO-TEST-UPLOAD-1000,17,10.205,10.477,2.499,2.532,1.1541,1.1615
CMP-1000-0575,ISRO-TEST-UPLOAD-1000,3,44.62,46.793,7.15,7.95,1.3663,1.4163
CMP-1000-0576,ISRO-TEST-UPLOAD-1000,16,11.881,11.999,2.738,2.827,1.2495,1.2487
CMP-1000-0577,ISRO-TEST-UPLOAD-1000,4,44.297,45.931,6.596,7.396,1.571,1.621
CMP-1000-0578,ISRO-TEST-UPLOAD-1000,18,12.442,17.821,1.952,2.352,1.2654,1.3454
CMP-1000-0579,ISRO-TEST-UPLOAD-1000,17,12.504,12.868,2.316,2.33,1.1963,1.2056
CMP-1000-0580,ISRO-TEST-UPLOAD-1000,7,11.675,11.866,2.705,2.678,1.2385,1.2371
CMP-1000-0581,ISRO-TEST-UPLOAD-1000,24,11.478,11.668,2.195,2.171,1.1595,1.1569
CMP-1000-0582,ISRO-TEST-UPLOAD-1000,23,12.674,12.989,2.496,2.586,1.2519,1.2614
CMP-1000-0583,ISRO-TEST-UPLOAD-1000,5,10.551,11.003,2.885,2.926,1.2149,1.2145
CMP-1000-0584,ISRO-TEST-UPLOAD-1000,12,10.425,10.678,1.968,1.99,1.1368,1.1365
CMP-1000-0585,ISRO-TEST-UPLOAD-1000,17,37.617,39.015,8.395,9.195,1.4034,1.4534
CMP-1000-0586,ISRO-TEST-UPLOAD-1000,23,12.458,12.664,2.031,2.051,1.258,1.2533
CMP-1000-0587,ISRO-TEST-UPLOAD-1000,13,10.868,11.081,3.103,3.134,1.1165,1.1137
CMP-1000-0588,ISRO-TEST-UPLOAD-1000,23,10.974,11.305,2.242,2.315,1.2185,1.2283
CMP-1000-0589,ISRO-TEST-UPLOAD-1000,25,10.307,10.369,2.308,2.37,1.252,1.2531
CMP-1000-0590,ISRO-TEST-UPLOAD-1000,3,10.617,10.875,2.8,2.848,1.2567,1.2587
CMP-1000-0591,ISRO-TEST-UPLOAD-1000,9,11.65,11.89,2.708,2.717,1.2324,1.2399
CMP-1000-0592,ISRO-TEST-UPLOAD-1000,17,9.848,9.965,2.841,2.809,1.0972,1.0957
CMP-1000-0593,ISRO-TEST-UPLOAD-1000,17,9.912,10.113,2.515,2.553,1.1724,1.1684
CMP-1000-0594,ISRO-TEST-UPLOAD-1000,20,8.735,9.12,2.325,2.381,1.1478,1.148
CMP-1000-0595,ISRO-TEST-UPLOAD-1000,16,11.02,17.984,2.626,3.026,1.1755,1.2555
CMP-1000-0596,ISRO-TEST-UPLOAD-1000,25,11.246,11.535,2.191,2.189,1.1569,1.1637
CMP-1000-0597,ISRO-TEST-UPLOAD-1000,22,11.635,11.811,2.546,2.579,1.2556,1.2567
CMP-1000-0598,ISRO-TEST-UPLOAD-1000,13,9.555,9.673,2.495,2.494,1.1452,1.1474
CMP-1000-0599,ISRO-TEST-UPLOAD-1000,19,11.504,11.499,2.353,2.445,0.9884,0.9817
CMP-1000-0600,ISRO-TEST-UPLOAD-1000,17,10.506,10.493,3.261,3.31,1.1934,1.204
CMP-1000-0601,ISRO-TEST-UPLOAD-1000,4,9.161,9.211,2.438,2.477,1.1908,1.201
CMP-1000-0602,ISRO-TEST-UPLOAD-1000,12,10.699,10.877,2.44,2.461,1.2032,1.2038
CMP-1000-0603,ISRO-TEST-UPLOAD-1000,9,36.986,38.975,7.529,8.329,1.4659,1.5159
CMP-1000-0604,ISRO-TEST-UPLOAD-1000,19,10.673,10.914,2.617,2.63,1.2355,1.2382
CMP-1000-0605,ISRO-TEST-UPLOAD-1000,12,10.644,10.764,2.608,2.687,1.2057,1.2013
CMP-1000-0606,ISRO-TEST-UPLOAD-1000,9,10.701,10.751,2.316,2.321,1.205,1.1973
CMP-1000-0607,ISRO-TEST-UPLOAD-1000,7,11.22,11.336,2.11,2.175,1.325,1.3204
CMP-1000-0608,ISRO-TEST-UPLOAD-1000,14,8.507,8.66,2.44,2.475,1.3122,1.3083
CMP-1000-0609,ISRO-TEST-UPLOAD-1000,20,11.649,12.0,2.187,2.271,1.2792,1.2713
CMP-1000-0610,ISRO-TEST-UPLOAD-1000,19,9.52,9.849,2.27,2.296,1.1182,1.1305
CMP-1000-0611,ISRO-TEST-UPLOAD-1000,15,10.813,11.245,2.662,2.699,1.0412,1.0431
CMP-1000-0612,ISRO-TEST-UPLOAD-1000,16,10.735,10.836,3.055,3.026,1.0585,1.0594
CMP-1000-0613,ISRO-TEST-UPLOAD-1000,21,10.5,10.702,2.656,2.716,1.2459,1.2447
CMP-1000-0614,ISRO-TEST-UPLOAD-1000,5,10.114,10.407,2.258,2.255,1.0304,1.0362
CMP-1000-0615,ISRO-TEST-UPLOAD-1000,3,10.077,10.343,2.867,2.944,1.0486,1.0498
CMP-1000-0616,ISRO-TEST-UPLOAD-1000,12,10.309,10.578,2.117,2.135,1.151,1.151
CMP-1000-0617,ISRO-TEST-UPLOAD-1000,25,10.418,10.942,2.249,2.281,1.0678,1.0691
CMP-1000-0618,ISRO-TEST-UPLOAD-1000,20,9.591,9.737,2.259,2.308,1.0929,1.0912
CMP-1000-0619,ISRO-TEST-UPLOAD-1000,21,10.281,10.261,2.629,2.688,1.0878,1.0919
CMP-1000-0620,ISRO-TEST-UPLOAD-1000,4,8.473,8.786,2.636,2.674,1.1261,1.1322
CMP-1000-0621,ISRO-TEST-UPLOAD-1000,21,9.363,9.701,2.51,2.536,1.1098,1.1107
CMP-1000-0622,ISRO-TEST-UPLOAD-1000,23,10.552,10.814,2.563,2.573,1.1903,1.1895
CMP-1000-0623,ISRO-TEST-UPLOAD-1000,16,10.447,10.642,2.655,2.711,1.047,1.049
CMP-1000-0624,ISRO-TEST-UPLOAD-1000,25,8.858,8.866,2.075,2.073,1.1439,1.1428
CMP-1000-0625,ISRO-TEST-UPLOAD-1000,7,10.687,11.045,2.472,2.481,1.195,1.1818
CMP-1000-0626,ISRO-TEST-UPLOAD-1000,13,12.361,12.607,2.448,2.438,1.2193,1.2209
CMP-1000-0627,ISRO-TEST-UPLOAD-1000,21,11.32,11.418,2.477,2.474,1.1323,1.1399
CMP-1000-0628,ISRO-TEST-UPLOAD-1000,10,40.31,42.61,9.982,10.782,1.562,1.612
CMP-1000-0629,ISRO-TEST-UPLOAD-1000,7,11.376,11.435,2.213,2.255,1.0302,1.0327
CMP-1000-0630,ISRO-TEST-UPLOAD-1000,14,10.474,10.614,2.373,2.42,1.2313,1.2327
CMP-1000-0631,ISRO-TEST-UPLOAD-1000,5,8.236,8.44,2.138,2.212,1.3461,1.3436
CMP-1000-0632,ISRO-TEST-UPLOAD-1000,3,9.484,9.579,2.801,2.837,1.3558,1.3549
CMP-1000-0633,ISRO-TEST-UPLOAD-1000,23,10.492,10.715,2.587,2.628,1.0952,1.0886
CMP-1000-0634,ISRO-TEST-UPLOAD-1000,11,11.468,11.564,2.716,2.747,1.1903,1.1854
CMP-1000-0635,ISRO-TEST-UPLOAD-1000,11,9.131,9.05,2.564,2.613,1.298,1.2906
CMP-1000-0636,ISRO-TEST-UPLOAD-1000,18,11.675,11.982,2.54,2.6,1.1958,1.1951
CMP-1000-0637,ISRO-TEST-UPLOAD-1000,15,42.235,43.547,7.226,8.026,1.4782,1.5282
CMP-1000-0638,ISRO-TEST-UPLOAD-1000,12,12.359,12.652,2.561,2.608,1.2586,1.2641
CMP-1000-0639,ISRO-TEST-UPLOAD-1000,9,59.39,68.215,31.851,34.851,3.0323,3.2323
CMP-1000-0640,ISRO-TEST-UPLOAD-1000,10,11.505,11.517,1.973,2.003,1.1171,1.1217
CMP-1000-0641,ISRO-TEST-UPLOAD-1000,12,10.444,10.651,2.552,2.605,1.1854,1.1889
CMP-1000-0642,ISRO-TEST-UPLOAD-1000,17,9.634,9.75,2.433,2.484,1.247,1.2483
CMP-1000-0643,ISRO-TEST-UPLOAD-1000,6,9.215,9.675,2.595,2.627,1.2898,1.2832
CMP-1000-0644,ISRO-TEST-UPLOAD-1000,7,9.832,10.012,2.292,2.321,1.2099,1.2037
CMP-1000-0645,ISRO-TEST-UPLOAD-1000,14,10.653,10.714,2.238,2.3,1.3043,1.3012
CMP-1000-0646,ISRO-TEST-UPLOAD-1000,13,46.191,47.828,9.379,10.179,1.546,1.596
CMP-1000-0647,ISRO-TEST-UPLOAD-1000,8,10.178,10.253,3.194,3.235,1.2768,1.2858
CMP-1000-0648,ISRO-TEST-UPLOAD-1000,10,9.635,9.722,2.755,2.757,1.3468,1.3453
CMP-1000-0649,ISRO-TEST-UPLOAD-1000,9,10.567,10.86,2.61,2.647,1.1854,1.1892
CMP-1000-0650,ISRO-TEST-UPLOAD-1000,18,12.182,12.328,2.386,2.381,1.1266,1.1218
CMP-1000-0651,ISRO-TEST-UPLOAD-1000,2,9.053,9.317,2.02,2.045,1.2252,1.2281
CMP-1000-0652,ISRO-TEST-UPLOAD-1000,5,9.737,9.973,2.083,2.146,1.1226,1.128
CMP-1000-0653,ISRO-TEST-UPLOAD-1000,5,11.293,11.55,2.835,2.924,1.1698,1.1714
CMP-1000-0654,ISRO-TEST-UPLOAD-1000,6,10.281,10.406,2.697,2.695,1.3904,1.3894
CMP-1000-0655,ISRO-TEST-UPLOAD-1000,19,12.501,12.84,2.51,2.525,1.1297,1.1251
CMP-1000-0656,ISRO-TEST-UPLOAD-1000,8,9.51,9.635,2.867,2.887,1.1253,1.1295
CMP-1000-0657,ISRO-TEST-UPLOAD-1000,16,10.966,11.085,2.98,2.989,1.1462,1.1438
CMP-1000-0658,ISRO-TEST-UPLOAD-1000,13,10.778,10.999,2.544,2.622,1.3423,1.3432
CMP-1000-0659,ISRO-TEST-UPLOAD-1000,1,9.21,9.566,2.145,2.219,1.2063,1.2122
CMP-1000-0660,ISRO-TEST-UPLOAD-1000,22,11.407,11.46,2.452,2.503,1.1692,1.1716
CMP-1000-0661,ISRO-TEST-UPLOAD-1000,20,10.75,18.015,2.321,2.721,1.1837,1.2637
CMP-1000-0662,ISRO-TEST-UPLOAD-1000,17,12.358,12.553,3.074,3.095,1.0602,1.0576
CMP-1000-0663,ISRO-TEST-UPLOAD-1000,7,10.371,10.586,2.897,2.911,1.1946,1.196
CMP-1000-0664,ISRO-TEST-UPLOAD-1000,25,12.721,12.827,2.444,2.484,1.2578,1.2617
CMP-1000-0665,ISRO-TEST-UPLOAD-1000,13,10.868,11.174,2.21,2.27,1.1461,1.1451
CMP-1000-0666,ISRO-TEST-UPLOAD-1000,4,9.364,9.65,2.663,2.698,1.2564,1.2577
CMP-1000-0667,ISRO-TEST-UPLOAD-1000,4,9.002,9.196,2.036,2.027,1.1443,1.1476
CMP-1000-0668,ISRO-TEST-UPLOAD-1000,6,10.851,11.055,2.301,2.257,1.2397,1.2425
CMP-1000-0669,ISRO-TEST-UPLOAD-1000,19,10.869,11.203,2.73,2.784,1.2389,1.2445
CMP-1000-0670,ISRO-TEST-UPLOAD-1000,12,10.883,11.364,2.566,2.601,1.138,1.141
CMP-1000-0671,ISRO-TEST-UPLOAD-1000,22,12.252,12.5,2.803,2.871,1.2208,1.2266
CMP-1000-0672,ISRO-TEST-UPLOAD-1000,7,9.563,9.771,2.787,2.836,1.2737,1.2711
CMP-1000-0673,ISRO-TEST-UPLOAD-1000,10,9.899,10.084,2.687,2.745,1.2942,1.293
CMP-1000-0674,ISRO-TEST-UPLOAD-1000,19,11.499,11.664,2.398,2.463,1.2474,1.2475
CMP-1000-0675,ISRO-TEST-UPLOAD-1000,7,11.374,11.353,1.732,1.784,1.3067,1.3088
CMP-1000-0676,ISRO-TEST-UPLOAD-1000,3,9.412,9.741,2.76,2.794,1.2886,1.2945
CMP-1000-0677,ISRO-TEST-UPLOAD-1000,13,9.021,9.193,1.716,1.761,1.1588,1.1593
CMP-1000-0678,ISRO-TEST-UPLOAD-1000,13,8.799,9.096,2.836,2.951,1.1429,1.149
CMP-1000-0679,ISRO-TEST-UPLOAD-1000,18,10.677,10.895,2.25,2.301,1.1291,1.132
CMP-1000-0680,ISRO-TEST-UPLOAD-1000,20,11.98,12.069,2.836,2.896,1.1238,1.1379
CMP-1000-0681,ISRO-TEST-UPLOAD-1000,8,9.746,9.928,3.053,3.08,1.3054,1.303
CMP-1000-0682,ISRO-TEST-UPLOAD-1000,9,9.526,9.561,2.38,2.422,1.2377,1.2385
CMP-1000-0683,ISRO-TEST-UPLOAD-1000,7,11.318,11.679,2.559,2.617,1.2181,1.2242
CMP-1000-0684,ISRO-TEST-UPLOAD-1000,1,9.636,9.972,2.476,2.524,1.276,1.2854
CMP-1000-0685,ISRO-TEST-UPLOAD-1000,3,36.742,38.554,9.609,10.409,1.5632,1.6132
CMP-1000-0686,ISRO-TEST-UPLOAD-1000,13,10.979,11.168,2.937,2.951,1.2103,1.2105
CMP-1000-0687,ISRO-TEST-UPLOAD-1000,25,41.356,43.358,7.402,8.202,1.656,1.706
CMP-1000-0688,ISRO-TEST-UPLOAD-1000,17,11.898,12.13,2.293,2.371,1.1383,1.1385
CMP-1000-0689,ISRO-TEST-UPLOAD-1000,25,11.568,11.807,2.653,2.676,0.9961,1.0058
CMP-1000-0690,ISRO-TEST-UPLOAD-1000,24,9.542,9.827,2.354,2.384,1.2662,1.2783
CMP-1000-0691,ISRO-TEST-UPLOAD-1000,1,9.937,10.12,2.277,2.329,1.2677,1.2629
CMP-1000-0692,ISRO-TEST-UPLOAD-1000,6,12.281,12.456,2.301,2.314,1.2617,1.2708
CMP-1000-0693,ISRO-TEST-UPLOAD-1000,21,10.56,10.825,2.221,2.271,1.0762,1.074
CMP-1000-0694,ISRO-TEST-UPLOAD-1000,6,10.511,10.653,2.237,2.297,1.3205,1.3213
CMP-1000-0695,ISRO-TEST-UPLOAD-1000,12,12.254,12.584,2.531,2.513,1.2231,1.2166
CMP-1000-0696,ISRO-TEST-UPLOAD-1000,13,8.566,8.821,2.104,2.1,1.3106,1.3144
CMP-1000-0697,ISRO-TEST-UPLOAD-1000,13,10.572,10.847,2.861,2.865,1.0948,1.1078
CMP-1000-0698,ISRO-TEST-UPLOAD-1000,15,11.343,11.522,3.076,3.091,1.1224,1.1227
CMP-1000-0699,ISRO-TEST-UPLOAD-1000,21,36.346,38.253,7.64,8.44,1.5101,1.5601
CMP-1000-0700,ISRO-TEST-UPLOAD-1000,16,10.583,10.736,2.584,2.596,1.1478,1.1438
CMP-1000-0701,ISRO-TEST-UPLOAD-1000,22,11.195,11.38,2.106,2.175,1.254,1.2559
CMP-1000-0702,ISRO-TEST-UPLOAD-1000,21,12.805,20.032,2.143,2.543,1.2491,1.3291
CMP-1000-0703,ISRO-TEST-UPLOAD-1000,11,42.56,44.894,7.787,8.587,1.6556,1.7056
CMP-1000-0704,ISRO-TEST-UPLOAD-1000,5,7.161,7.237,2.453,2.477,1.11,1.1074
CMP-1000-0705,ISRO-TEST-UPLOAD-1000,4,10.171,10.492,2.462,2.547,1.2714,1.2736
CMP-1000-0706,ISRO-TEST-UPLOAD-1000,3,11.986,12.285,2.263,2.305,1.278,1.2825
CMP-1000-0707,ISRO-TEST-UPLOAD-1000,19,10.824,11.144,2.94,2.938,1.1724,1.1803
CMP-1000-0708,ISRO-TEST-UPLOAD-1000,20,11.452,11.654,2.732,2.777,1.1709,1.1726
CMP-1000-0709,ISRO-TEST-UPLOAD-1000,25,10.918,11.093,2.215,2.314,1.3246,1.3166
CMP-1000-0710,ISRO-TEST-UPLOAD-1000,18,12.843,13.101,2.719,2.782,1.0678,1.0713
CMP-1000-0711,ISRO-TEST-UPLOAD-1000,15,11.284,11.332,2.015,2.04,1.3511,1.3453
CMP-1000-0712,ISRO-TEST-UPLOAD-1000,9,9.266,9.312,2.23,2.301,1.2026,1.2014
CMP-1000-0713,ISRO-TEST-UPLOAD-1000,17,13.589,13.934,2.145,2.215,1.2232,1.2176
CMP-1000-0714,ISRO-TEST-UPLOAD-1000,14,10.386,10.648,2.976,2.969,1.1501,1.1481
CMP-1000-0715,ISRO-TEST-UPLOAD-1000,15,10.617,10.867,2.491,2.472,1.1651,1.1673
CMP-1000-0716,ISRO-TEST-UPLOAD-1000,1,9.783,10.067,2.651,2.717,1.2905,1.2928
CMP-1000-0717,ISRO-TEST-UPLOAD-1000,21,10.761,10.812,2.453,2.512,1.0641,1.0552
CMP-1000-0718,ISRO-TEST-UPLOAD-1000,22,10.29,10.576,2.155,2.194,1.1902,1.1954
CMP-1000-0719,ISRO-TEST-UPLOAD-1000,22,10.335,10.662,1.999,2.062,1.1494,1.1529
CMP-1000-0720,ISRO-TEST-UPLOAD-1000,3,8.683,9.026,1.971,2.023,1.2873,1.2884
CMP-1000-0721,ISRO-TEST-UPLOAD-1000,16,9.939,10.111,2.424,2.463,1.1301,1.1412
CMP-1000-0722,ISRO-TEST-UPLOAD-1000,23,8.452,8.612,2.43,2.484,1.2183,1.2304
CMP-1000-0723,ISRO-TEST-UPLOAD-1000,25,10.93,11.343,2.215,2.275,1.392,1.3951
CMP-1000-0724,ISRO-TEST-UPLOAD-1000,11,10.969,11.454,2.694,2.726,1.2714,1.2737
CMP-1000-0725,ISRO-TEST-UPLOAD-1000,12,8.736,8.889,2.644,2.701,1.2273,1.2273
CMP-1000-0726,ISRO-TEST-UPLOAD-1000,10,10.704,10.962,2.557,2.585,1.2008,1.2025
CMP-1000-0727,ISRO-TEST-UPLOAD-1000,16,11.34,11.764,2.097,2.116,1.0348,1.031
CMP-1000-0728,ISRO-TEST-UPLOAD-1000,8,59.062,66.794,26.638,29.638,3.5739,3.7739
CMP-1000-0729,ISRO-TEST-UPLOAD-1000,6,11.015,11.015,2.4,2.443,1.1593,1.1599
CMP-1000-0730,ISRO-TEST-UPLOAD-1000,12,10.009,10.192,1.996,2.009,1.1317,1.1418
CMP-1000-0731,ISRO-TEST-UPLOAD-1000,24,64.914,71.391,33.686,36.686,3.3982,3.5982
CMP-1000-0732,ISRO-TEST-UPLOAD-1000,21,11.117,11.494,2.364,2.399,1.1475,1.1514
CMP-1000-0733,ISRO-TEST-UPLOAD-1000,8,63.99,71.832,24.234,27.234,2.9873,3.1873
CMP-1000-0734,ISRO-TEST-UPLOAD-1000,4,12.49,12.981,2.237,2.302,1.1605,1.1655
CMP-1000-0735,ISRO-TEST-UPLOAD-1000,8,9.999,10.112,2.59,2.657,1.1285,1.1321
CMP-1000-0736,ISRO-TEST-UPLOAD-1000,18,9.652,9.871,2.079,2.093,1.1968,1.2024
CMP-1000-0737,ISRO-TEST-UPLOAD-1000,5,9.002,9.242,2.994,3.028,1.1857,1.1961
CMP-1000-0738,ISRO-TEST-UPLOAD-1000,9,9.406,9.627,2.242,2.332,1.1644,1.1665
CMP-1000-0739,ISRO-TEST-UPLOAD-1000,4,7.245,7.615,2.624,2.611,1.1781,1.1755
CMP-1000-0740,ISRO-TEST-UPLOAD-1000,22,9.733,9.974,1.979,2.024,1.2437,1.2463
CMP-1000-0741,ISRO-TEST-UPLOAD-1000,17,37.799,40.247,8.611,9.411,1.4875,1.5375
CMP-1000-0742,ISRO-TEST-UPLOAD-1000,9,8.826,8.96,2.78,2.818,1.2012,1.2097
CMP-1000-0743,ISRO-TEST-UPLOAD-1000,1,8.112,8.406,1.97,1.996,1.178,1.1803
CMP-1000-0744,ISRO-TEST-UPLOAD-1000,21,11.9,12.04,1.956,2.007,1.1399,1.1433
CMP-1000-0745,ISRO-TEST-UPLOAD-1000,20,10.823,11.108,2.58,2.644,1.0843,1.0929
CMP-1000-0746,ISRO-TEST-UPLOAD-1000,13,12.147,12.405,2.053,2.055,1.2041,1.2142
CMP-1000-0747,ISRO-TEST-UPLOAD-1000,16,10.191,10.6,1.944,1.951,1.2408,1.252
CMP-1000-0748,ISRO-TEST-UPLOAD-1000,13,11.101,11.416,2.185,2.213,1.192,1.1899
CMP-1000-0749,ISRO-TEST-UPLOAD-1000,14,13.65,14.012,2.302,2.34,1.302,1.307
CMP-1000-0750,ISRO-TEST-UPLOAD-1000,3,10.089,10.258,2.457,2.551,1.125,1.1188
CMP-1000-0751,ISRO-TEST-UPLOAD-1000,6,11.617,16.915,2.284,2.684,1.1861,1.2661
CMP-1000-0752,ISRO-TEST-UPLOAD-1000,18,12.416,12.468,2.255,2.3,1.3677,1.3644
CMP-1000-0753,ISRO-TEST-UPLOAD-1000,19,10.565,10.893,2.207,2.232,1.132,1.1298
CMP-1000-0754,ISRO-TEST-UPLOAD-1000,5,8.319,8.669,2.515,2.517,1.2821,1.2809
CMP-1000-0755,ISRO-TEST-UPLOAD-1000,15,9.916,10.243,2.42,2.464,1.2432,1.2424
CMP-1000-0756,ISRO-TEST-UPLOAD-1000,25,10.569,10.715,2.896,2.982,1.2968,1.2997
CMP-1000-0757,ISRO-TEST-UPLOAD-1000,2,37.793,40.093,8.633,9.433,1.3242,1.3742
CMP-1000-0758,ISRO-TEST-UPLOAD-1000,10,10.528,10.743,2.844,2.919,1.0468,1.0393
CMP-1000-0759,ISRO-TEST-UPLOAD-1000,24,11.06,11.259,2.612,2.652,1.35,1.3473
CMP-1000-0760,ISRO-TEST-UPLOAD-1000,18,9.858,10.023,1.987,2.04,1.2175,1.2234
CMP-1000-0761,ISRO-TEST-UPLOAD-1000,13,9.952,10.354,3.079,3.067,1.2594,1.2655
CMP-1000-0762,ISRO-TEST-UPLOAD-1000,5,10.034,10.208,1.943,1.927,1.0898,1.0965
CMP-1000-0763,ISRO-TEST-UPLOAD-1000,23,11.785,17.146,2.027,2.427,1.2004,1.2804
CMP-1000-0764,ISRO-TEST-UPLOAD-1000,24,12.334,12.58,2.492,2.516,1.1339,1.1275
CMP-1000-0765,ISRO-TEST-UPLOAD-1000,1,9.55,9.809,2.183,2.242,1.2247,1.2263
CMP-1000-0766,ISRO-TEST-UPLOAD-1000,22,9.946,10.099,3.098,3.126,1.1234,1.1219
CMP-1000-0767,ISRO-TEST-UPLOAD-1000,1,8.833,9.379,2.555,2.581,1.0927,1.0917
CMP-1000-0768,ISRO-TEST-UPLOAD-1000,18,8.583,8.877,2.682,2.764,1.2466,1.2514
CMP-1000-0769,ISRO-TEST-UPLOAD-1000,15,10.325,10.671,2.702,2.71,1.0564,1.0559
CMP-1000-0770,ISRO-TEST-UPLOAD-1000,17,9.926,10.083,2.349,2.352,1.2258,1.232
CMP-1000-0771,ISRO-TEST-UPLOAD-1000,11,11.193,11.472,2.731,2.751,1.0529,1.0532
CMP-1000-0772,ISRO-TEST-UPLOAD-1000,21,9.516,9.823,1.963,1.994,1.2384,1.2434
CMP-1000-0773,ISRO-TEST-UPLOAD-1000,25,11.778,12.23,1.749,1.854,1.1546,1.154
CMP-1000-0774,ISRO-TEST-UPLOAD-1000,22,11.627,11.9,2.612,2.636,1.0352,1.0429
CMP-1000-0775,ISRO-TEST-UPLOAD-1000,17,8.961,9.402,2.71,2.721,1.2069,1.2162
CMP-1000-0776,ISRO-TEST-UPLOAD-1000,13,9.062,9.436,2.812,2.863,1.2604,1.2626
CMP-1000-0777,ISRO-TEST-UPLOAD-1000,1,10.164,10.257,1.913,1.991,1.1807,1.1853
CMP-1000-0778,ISRO-TEST-UPLOAD-1000,2,10.411,10.582,2.417,2.448,1.2399,1.237
CMP-1000-0779,ISRO-TEST-UPLOAD-1000,9,11.921,12.224,2.445,2.483,1.3055,1.2977
CMP-1000-0780,ISRO-TEST-UPLOAD-1000,3,10.233,10.313,2.531,2.562,1.1847,1.1785
CMP-1000-0781,ISRO-TEST-UPLOAD-1000,1,10.068,10.137,2.558,2.565,1.2811,1.2821
CMP-1000-0782,ISRO-TEST-UPLOAD-1000,21,12.247,12.579,2.906,2.89,1.1636,1.1748
CMP-1000-0783,ISRO-TEST-UPLOAD-1000,16,11.309,11.584,2.193,2.183,1.1512,1.1518
CMP-1000-0784,ISRO-TEST-UPLOAD-1000,23,11.311,11.542,2.41,2.462,1.2799,1.283
CMP-1000-0785,ISRO-TEST-UPLOAD-1000,6,10.626,10.897,3.002,3.069,1.3103,1.3195
CMP-1000-0786,ISRO-TEST-UPLOAD-1000,17,11.719,12.146,2.888,2.951,1.3022,1.3052
CMP-1000-0787,ISRO-TEST-UPLOAD-1000,5,11.602,11.919,2.549,2.612,1.1583,1.158
CMP-1000-0788,ISRO-TEST-UPLOAD-1000,5,9.488,9.877,2.582,2.62,1.2872,1.2868
CMP-1000-0789,ISRO-TEST-UPLOAD-1000,6,11.714,11.814,2.189,2.132,1.2722,1.2668
CMP-1000-0790,ISRO-TEST-UPLOAD-1000,3,10.141,10.613,2.384,2.462,1.2534,1.2518
CMP-1000-0791,ISRO-TEST-UPLOAD-1000,21,12.546,12.889,2.439,2.445,1.1907,1.1924
CMP-1000-0792,ISRO-TEST-UPLOAD-1000,23,10.058,10.172,2.136,2.171,0.9592,0.9579
CMP-1000-0793,ISRO-TEST-UPLOAD-1000,5,9.582,9.932,3.065,3.111,1.0706,1.0668
CMP-1000-0794,ISRO-TEST-UPLOAD-1000,21,10.315,10.208,2.414,2.42,1.2823,1.2843
CMP-1000-0795,ISRO-TEST-UPLOAD-1000,5,9.523,9.563,2.434,2.486,1.1147,1.117
CMP-1000-0796,ISRO-TEST-UPLOAD-1000,10,8.205,8.408,2.739,2.772,1.0564,1.0613
CMP-1000-0797,ISRO-TEST-UPLOAD-1000,10,10.487,10.702,2.255,2.262,1.3223,1.3188
CMP-1000-0798,ISRO-TEST-UPLOAD-1000,19,9.81,9.998,2.38,2.388,1.3183,1.3202
CMP-1000-0799,ISRO-TEST-UPLOAD-1000,17,10.574,10.862,2.318,2.318,1.0588,1.0593
CMP-1000-0800,ISRO-TEST-UPLOAD-1000,21,12.247,12.421,2.656,2.68,1.213,1.224
CMP-1000-0801,ISRO-TEST-UPLOAD-1000,14,10.508,10.674,2.578,2.604,1.1674,1.1632
CMP-1000-0802,ISRO-TEST-UPLOAD-1000,9,9.449,9.79,3.348,3.403,1.3991,1.4
CMP-1000-0803,ISRO-TEST-UPLOAD-1000,14,14.515,19.606,2.613,3.013,1.3696,1.4496
CMP-1000-0804,ISRO-TEST-UPLOAD-1000,1,8.277,8.622,2.507,2.506,1.1086,1.1157
CMP-1000-0805,ISRO-TEST-UPLOAD-1000,19,11.378,11.451,2.459,2.465,1.1615,1.1691
CMP-1000-0806,ISRO-TEST-UPLOAD-1000,13,10.833,11.095,2.514,2.583,1.1919,1.1921
CMP-1000-0807,ISRO-TEST-UPLOAD-1000,13,9.782,10.115,2.136,2.188,1.3453,1.345
CMP-1000-0808,ISRO-TEST-UPLOAD-1000,4,11.106,11.292,2.909,2.966,1.0975,1.0999
CMP-1000-0809,ISRO-TEST-UPLOAD-1000,1,8.493,8.804,1.822,1.847,1.2084,1.2084
CMP-1000-0810,ISRO-TEST-UPLOAD-1000,17,13.139,17.552,2.156,2.556,1.3313,1.4113
CMP-1000-0811,ISRO-TEST-UPLOAD-1000,8,10.152,10.523,2.555,2.563,1.298,1.2962
CMP-1000-0812,ISRO-TEST-UPLOAD-1000,2,9.434,9.652,2.515,2.549,1.1646,1.1666
CMP-1000-0813,ISRO-TEST-UPLOAD-1000,8,11.788,12.035,2.551,2.637,1.1269,1.1259
CMP-1000-0814,ISRO-TEST-UPLOAD-1000,7,10.405,10.557,3.194,3.198,1.136,1.137
CMP-1000-0815,ISRO-TEST-UPLOAD-1000,2,9.753,10.211,2.984,3.044,1.031,1.0257
CMP-1000-0816,ISRO-TEST-UPLOAD-1000,22,11.553,12.078,2.443,2.495,1.2147,1.217
CMP-1000-0817,ISRO-TEST-UPLOAD-1000,22,10.645,10.992,2.326,2.331,1.2837,1.2879
CMP-1000-0818,ISRO-TEST-UPLOAD-1000,3,10.737,10.78,2.486,2.507,1.1139,1.1199
CMP-1000-0819,ISRO-TEST-UPLOAD-1000,18,9.882,10.01,1.698,1.728,1.1617,1.1618
CMP-1000-0820,ISRO-TEST-UPLOAD-1000,12,38.999,40.372,7.29,8.09,1.7292,1.7792
CMP-1000-0821,ISRO-TEST-UPLOAD-1000,1,9.542,9.879,2.3,2.315,1.2349,1.2386
CMP-1000-0822,ISRO-TEST-UPLOAD-1000,22,10.296,10.604,2.829,2.832,1.2249,1.2278
CMP-1000-0823,ISRO-TEST-UPLOAD-1000,12,10.087,10.223,2.389,2.472,1.3031,1.308
CMP-1000-0824,ISRO-TEST-UPLOAD-1000,5,9.685,10.014,2.578,2.619,1.2997,1.2973
CMP-1000-0825,ISRO-TEST-UPLOAD-1000,25,10.012,10.434,2.523,2.583,1.3592,1.3649
CMP-1000-0826,ISRO-TEST-UPLOAD-1000,17,11.683,11.969,1.963,2.003,1.0663,1.0728
CMP-1000-0827,ISRO-TEST-UPLOAD-1000,16,41.389,43.027,6.776,7.576,1.4595,1.5095
CMP-1000-0828,ISRO-TEST-UPLOAD-1000,15,11.328,11.45,2.483,2.526,1.2106,1.2098
CMP-1000-0829,ISRO-TEST-UPLOAD-1000,23,11.102,11.521,2.903,2.952,1.1546,1.1641
CMP-1000-0830,ISRO-TEST-UPLOAD-1000,15,37.917,39.027,7.385,8.185,1.4225,1.4725
CMP-1000-0831,ISRO-TEST-UPLOAD-1000,5,10.39,17.981,2.442,2.842,1.0574,1.1374
CMP-1000-0832,ISRO-TEST-UPLOAD-1000,21,11.423,11.795,2.72,2.789,1.2206,1.2241
CMP-1000-0833,ISRO-TEST-UPLOAD-1000,14,11.69,12.032,1.991,2.042,1.3627,1.3639
CMP-1000-0834,ISRO-TEST-UPLOAD-1000,2,10.773,11.235,2.769,2.833,1.268,1.2617
CMP-1000-0835,ISRO-TEST-UPLOAD-1000,11,11.135,11.355,3.22,3.266,1.2687,1.2688
CMP-1000-0836,ISRO-TEST-UPLOAD-1000,19,9.448,9.814,2.49,2.554,1.2506,1.2549
CMP-1000-0837,ISRO-TEST-UPLOAD-1000,7,9.914,10.173,2.579,2.631,1.2204,1.2239
CMP-1000-0838,ISRO-TEST-UPLOAD-1000,6,9.342,9.637,3.007,3.016,1.1555,1.1624
CMP-1000-0839,ISRO-TEST-UPLOAD-1000,2,10.032,10.2,1.946,1.978,1.1097,1.1011
CMP-1000-0840,ISRO-TEST-UPLOAD-1000,6,8.165,8.449,2.228,2.209,1.2998,1.2954
CMP-1000-0841,ISRO-TEST-UPLOAD-1000,18,11.011,11.129,2.84,2.884,1.3378,1.3402
CMP-1000-0842,ISRO-TEST-UPLOAD-1000,2,11.199,11.53,3.375,3.413,1.1601,1.1608
CMP-1000-0843,ISRO-TEST-UPLOAD-1000,18,10.614,10.677,2.382,2.45,1.1591,1.163
CMP-1000-0844,ISRO-TEST-UPLOAD-1000,15,10.658,11.03,2.449,2.512,1.2477,1.247
CMP-1000-0845,ISRO-TEST-UPLOAD-1000,19,8.201,8.477,2.184,2.184,1.4104,1.4151
CMP-1000-0846,ISRO-TEST-UPLOAD-1000,2,42.864,44.281,6.042,6.842,1.6222,1.6722
CMP-1000-0847,ISRO-TEST-UPLOAD-1000,20,10.741,11.063,3.098,3.193,1.2226,1.2192
CMP-1000-0848,ISRO-TEST-UPLOAD-1000,25,11.914,12.209,1.999,1.985,1.2887,1.2918
CMP-1000-0849,ISRO-TEST-UPLOAD-1000,6,8.206,8.343,2.434,2.462,1.1811,1.186
CMP-1000-0850,ISRO-TEST-UPLOAD-1000,1,10.906,10.925,2.158,2.173,1.2502,1.2449
CMP-1000-0851,ISRO-TEST-UPLOAD-1000,24,11.731,11.918,2.422,2.475,1.2009,1.2015
CMP-1000-0852,ISRO-TEST-UPLOAD-1000,15,58.34,65.677,25.746,28.746,2.9447,3.1447
CMP-1000-0853,ISRO-TEST-UPLOAD-1000,23,36.185,37.587,9.454,10.254,1.6444,1.6944
CMP-1000-0854,ISRO-TEST-UPLOAD-1000,10,9.597,9.699,2.481,2.506,1.3463,1.3336
CMP-1000-0855,ISRO-TEST-UPLOAD-1000,19,9.004,9.2,2.146,2.143,1.1728,1.1724
CMP-1000-0856,ISRO-TEST-UPLOAD-1000,17,10.734,10.966,2.154,2.177,1.2876,1.291
CMP-1000-0857,ISRO-TEST-UPLOAD-1000,5,11.091,11.455,2.304,2.373,1.1699,1.1642
CMP-1000-0858,ISRO-TEST-UPLOAD-1000,4,9.748,10.277,2.528,2.57,1.226,1.2342
CMP-1000-0859,ISRO-TEST-UPLOAD-1000,10,9.322,9.473,3.224,3.232,1.3214,1.3134
CMP-1000-0860,ISRO-TEST-UPLOAD-1000,24,11.438,11.805,2.682,2.637,1.1656,1.1663
CMP-1000-0861,ISRO-TEST-UPLOAD-1000,17,11.574,11.86,1.964,1.996,1.1985,1.1993
CMP-1000-0862,ISRO-TEST-UPLOAD-1000,10,8.829,9.233,2.463,2.506,1.2491,1.2534
CMP-1000-0863,ISRO-TEST-UPLOAD-1000,17,11.942,12.096,1.928,1.921,1.2296,1.2277
CMP-1000-0864,ISRO-TEST-UPLOAD-1000,20,11.601,11.632,2.054,2.053,1.2294,1.2359
CMP-1000-0865,ISRO-TEST-UPLOAD-1000,24,9.53,9.786,2.631,2.585,1.2359,1.2369
CMP-1000-0866,ISRO-TEST-UPLOAD-1000,5,11.221,11.473,2.989,3.027,1.1443,1.1428
CMP-1000-0867,ISRO-TEST-UPLOAD-1000,2,11.845,16.639,2.186,2.586,1.1458,1.2258
CMP-1000-0868,ISRO-TEST-UPLOAD-1000,6,9.979,10.253,3.166,3.161,1.2027,1.1992
CMP-1000-0869,ISRO-TEST-UPLOAD-1000,21,11.356,11.314,2.827,2.846,1.1391,1.1437
CMP-1000-0870,ISRO-TEST-UPLOAD-1000,2,9.092,9.328,2.24,2.223,1.199,1.1954
CMP-1000-0871,ISRO-TEST-UPLOAD-1000,13,10.825,11.079,2.298,2.343,1.1868,1.1876
CMP-1000-0872,ISRO-TEST-UPLOAD-1000,11,11.157,11.444,2.289,2.374,1.2625,1.2661
CMP-1000-0873,ISRO-TEST-UPLOAD-1000,11,9.658,10.059,3.222,3.263,1.2837,1.2788
CMP-1000-0874,ISRO-TEST-UPLOAD-1000,16,36.404,38.054,6.694,7.494,1.382,1.432
CMP-1000-0875,ISRO-TEST-UPLOAD-1000,11,38.539,40.344,7.411,8.211,1.6189,1.6689
CMP-1000-0876,ISRO-TEST-UPLOAD-1000,19,12.066,12.48,2.502,2.527,1.1013,1.1066
CMP-1000-0877,ISRO-TEST-UPLOAD-1000,15,11.175,11.549,2.208,2.263,1.1695,1.1744
CMP-1000-0878,ISRO-TEST-UPLOAD-1000,25,12.873,13.045,3.318,3.354,1.1023,1.1118
CMP-1000-0879,ISRO-TEST-UPLOAD-1000,23,11.499,11.785,2.584,2.65,1.2084,1.2042
CMP-1000-0880,ISRO-TEST-UPLOAD-1000,23,11.636,11.792,2.752,2.813,1.0945,1.095
CMP-1000-0881,ISRO-TEST-UPLOAD-1000,16,9.743,9.991,2.484,2.583,1.1406,1.1406
CMP-1000-0882,ISRO-TEST-UPLOAD-1000,11,10.925,10.98,2.688,2.651,1.2598,1.2552
CMP-1000-0883,ISRO-TEST-UPLOAD-1000,22,10.472,10.874,2.556,2.546,1.2785,1.2897
CMP-1000-0884,ISRO-TEST-UPLOAD-1000,16,10.572,10.736,2.452,2.475,1.3723,1.3683
CMP-1000-0885,ISRO-TEST-UPLOAD-1000,8,9.136,9.2,2.276,2.332,1.1925,1.1893
CMP-1000-0886,ISRO-TEST-UPLOAD-1000,4,83.38,87.037,25.464,28.464,3.8567,4.0567
CMP-1000-0887,ISRO-TEST-UPLOAD-1000,8,10.296,10.633,2.596,2.62,1.3056,1.3044
CMP-1000-0888,ISRO-TEST-UPLOAD-1000,4,10.386,10.827,2.279,2.269,1.0986,1.0955
CMP-1000-0889,ISRO-TEST-UPLOAD-1000,24,13.011,13.189,2.452,2.478,1.2761,1.2851
CMP-1000-0890,ISRO-TEST-UPLOAD-1000,25,11.443,11.514,1.959,2.001,1.129,1.1278
CMP-1000-0891,ISRO-TEST-UPLOAD-1000,3,7.994,8.134,2.75,2.767,1.1372,1.1322
CMP-1000-0892,ISRO-TEST-UPLOAD-1000,3,11.112,11.181,2.314,2.313,1.1461,1.1499
CMP-1000-0893,ISRO-TEST-UPLOAD-1000,18,15.679,22.825,2.873,3.273,1.3108,1.3908
CMP-1000-0894,ISRO-TEST-UPLOAD-1000,19,9.849,9.866,2.381,2.381,1.2673,1.2722
CMP-1000-0895,ISRO-TEST-UPLOAD-1000,19,12.042,12.24,2.635,2.657,1.1855,1.1863
CMP-1000-0896,ISRO-TEST-UPLOAD-1000,21,11.666,11.727,2.885,2.877,1.167,1.1689
CMP-1000-0897,ISRO-TEST-UPLOAD-1000,5,10.751,10.829,2.494,2.559,1.3014,1.2956
CMP-1000-0898,ISRO-TEST-UPLOAD-1000,18,69.904,73.44,21.491,24.491,3.6342,3.8342
CMP-1000-0899,ISRO-TEST-UPLOAD-1000,10,9.136,9.557,2.475,2.491,1.1731,1.1682
CMP-1000-0900,ISRO-TEST-UPLOAD-1000,22,9.557,9.852,1.901,1.898,1.169,1.1701
CMP-1000-0901,ISRO-TEST-UPLOAD-1000,21,13.384,13.387,2.57,2.673,1.154,1.1592
CMP-1000-0902,ISRO-TEST-UPLOAD-1000,6,9.262,9.561,2.697,2.716,1.1467,1.1519
CMP-1000-0903,ISRO-TEST-UPLOAD-1000,1,8.932,9.305,2.633,2.691,1.2174,1.2207
CMP-1000-0904,ISRO-TEST-UPLOAD-1000,5,9.776,10.083,1.973,2.005,1.2348,1.2392
CMP-1000-0905,ISRO-TEST-UPLOAD-1000,9,8.796,8.953,2.418,2.433,1.2241,1.2206
CMP-1000-0906,ISRO-TEST-UPLOAD-1000,12,9.944,9.975,2.23,2.246,1.3668,1.3602
CMP-1000-0907,ISRO-TEST-UPLOAD-1000,14,10.76,11.215,2.479,2.51,1.2754,1.2735
CMP-1000-0908,ISRO-TEST-UPLOAD-1000,2,39.959,42.323,9.723,10.523,1.6389,1.6889
CMP-1000-0909,ISRO-TEST-UPLOAD-1000,17,12.294,12.578,2.025,2.049,1.1378,1.1341
CMP-1000-0910,ISRO-TEST-UPLOAD-1000,14,11.127,18.996,2.433,2.833,1.1571,1.2371
CMP-1000-0911,ISRO-TEST-UPLOAD-1000,13,12.858,18.861,2.281,2.681,1.1407,1.2207
CMP-1000-0912,ISRO-TEST-UPLOAD-1000,9,10.148,10.403,2.621,2.665,1.2121,1.2152
CMP-1000-0913,ISRO-TEST-UPLOAD-1000,25,10.892,11.272,2.529,2.554,1.2227,1.2247
CMP-1000-0914,ISRO-TEST-UPLOAD-1000,15,10.509,10.602,2.935,2.993,1.1513,1.152
CMP-1000-0915,ISRO-TEST-UPLOAD-1000,25,12.366,12.526,2.746,2.724,1.1472,1.1518
CMP-1000-0916,ISRO-TEST-UPLOAD-1000,22,9.597,9.815,2.493,2.586,1.2121,1.2134
CMP-1000-0917,ISRO-TEST-UPLOAD-1000,15,10.535,10.922,2.738,2.752,1.2769,1.2879
CMP-1000-0918,ISRO-TEST-UPLOAD-1000,24,13.28,13.407,2.752,2.796,1.3112,1.3125
CMP-1000-0919,ISRO-TEST-UPLOAD-1000,11,10.583,10.579,2.615,2.648,1.0488,1.0564
CMP-1000-0920,ISRO-TEST-UPLOAD-1000,16,10.766,10.881,3.207,3.228,1.2698,1.2733
CMP-1000-0921,ISRO-TEST-UPLOAD-1000,17,11.376,11.488,2.206,2.2,1.1694,1.1703
CMP-1000-0922,ISRO-TEST-UPLOAD-1000,4,9.57,9.916,2.327,2.348,1.1585,1.1654
CMP-1000-0923,ISRO-TEST-UPLOAD-1000,1,10.852,10.959,2.481,2.535,1.0811,1.0841
CMP-1000-0924,ISRO-TEST-UPLOAD-1000,8,9.154,9.251,2.597,2.592,1.2656,1.2743
CMP-1000-0925,ISRO-TEST-UPLOAD-1000,17,12.759,18.992,2.407,2.807,1.1643,1.2443
CMP-1000-0926,ISRO-TEST-UPLOAD-1000,3,10.625,10.9,2.896,2.943,1.1575,1.1595
CMP-1000-0927,ISRO-TEST-UPLOAD-1000,20,10.355,10.521,2.529,2.604,1.1012,1.1048
CMP-1000-0928,ISRO-TEST-UPLOAD-1000,15,11.879,12.228,2.853,2.881,1.1167,1.1237
CMP-1000-0929,ISRO-TEST-UPLOAD-1000,15,11.162,19.294,2.898,3.298,1.2268,1.3068
CMP-1000-0930,ISRO-TEST-UPLOAD-1000,24,10.86,10.977,2.992,3.004,1.2066,1.2004
CMP-1000-0931,ISRO-TEST-UPLOAD-1000,22,11.411,11.849,2.243,2.239,1.1455,1.152
CMP-1000-0932,ISRO-TEST-UPLOAD-1000,14,9.565,9.877,2.712,2.78,1.2771,1.274
CMP-1000-0933,ISRO-TEST-UPLOAD-1000,23,10.217,10.536,2.88,2.906,1.2567,1.2521
CMP-1000-0934,ISRO-TEST-UPLOAD-1000,14,10.961,11.386,2.417,2.45,1.2281,1.2241
CMP-1000-0935,ISRO-TEST-UPLOAD-1000,24,10.939,11.052,1.852,1.893,1.1843,1.2004
CMP-1000-0936,ISRO-TEST-UPLOAD-1000,2,8.96,9.247,2.415,2.413,1.1721,1.1736
CMP-1000-0937,ISRO-TEST-UPLOAD-1000,13,11.022,11.124,2.397,2.436,1.1346,1.1319
CMP-1000-0938,ISRO-TEST-UPLOAD-1000,14,7.767,7.957,2.438,2.523,1.1931,1.2025
CMP-1000-0939,ISRO-TEST-UPLOAD-1000,24,10.11,10.384,2.403,2.441,1.1982,1.1956
CMP-1000-0940,ISRO-TEST-UPLOAD-1000,19,10.896,11.107,2.457,2.534,1.0593,1.0497
CMP-1000-0941,ISRO-TEST-UPLOAD-1000,7,10.289,10.375,1.944,1.955,1.2878,1.2859
CMP-1000-0942,ISRO-TEST-UPLOAD-1000,3,10.397,10.536,2.63,2.637,1.0955,1.0996
CMP-1000-0943,ISRO-TEST-UPLOAD-1000,15,10.65,10.89,2.369,2.39,1.1817,1.1911
CMP-1000-0944,ISRO-TEST-UPLOAD-1000,23,11.352,11.595,3.046,3.108,1.1364,1.1466
CMP-1000-0945,ISRO-TEST-UPLOAD-1000,14,11.644,11.932,2.373,2.426,1.3283,1.3303
CMP-1000-0946,ISRO-TEST-UPLOAD-1000,11,11.924,12.031,2.892,2.945,1.1597,1.1627
CMP-1000-0947,ISRO-TEST-UPLOAD-1000,15,11.286,11.662,2.288,2.309,1.1145,1.1062
CMP-1000-0948,ISRO-TEST-UPLOAD-1000,13,11.374,11.445,2.068,2.124,1.1133,1.1237
CMP-1000-0949,ISRO-TEST-UPLOAD-1000,18,10.079,10.326,2.367,2.437,1.3484,1.3473
CMP-1000-0950,ISRO-TEST-UPLOAD-1000,6,11.864,11.924,3.085,3.131,1.2143,1.2211
CMP-1000-0951,ISRO-TEST-UPLOAD-1000,3,45.755,47.129,10.355,11.155,1.3223,1.3723
CMP-1000-0952,ISRO-TEST-UPLOAD-1000,19,10.317,10.745,2.722,2.743,1.1213,1.1225
CMP-1000-0953,ISRO-TEST-UPLOAD-1000,15,9.983,10.192,2.254,2.228,1.1638,1.1612
CMP-1000-0954,ISRO-TEST-UPLOAD-1000,25,11.095,11.209,2.936,3.003,1.1718,1.1742
CMP-1000-0955,ISRO-TEST-UPLOAD-1000,23,10.149,10.479,2.676,2.67,1.159,1.1575
CMP-1000-0956,ISRO-TEST-UPLOAD-1000,5,9.818,10.02,2.419,2.456,1.1929,1.1924
CMP-1000-0957,ISRO-TEST-UPLOAD-1000,10,9.379,9.508,2.619,2.721,1.1066,1.1032
CMP-1000-0958,ISRO-TEST-UPLOAD-1000,7,10.358,10.585,2.769,2.798,1.3211,1.323
CMP-1000-0959,ISRO-TEST-UPLOAD-1000,25,10.694,11.066,2.252,2.272,1.1589,1.1581
CMP-1000-0960,ISRO-TEST-UPLOAD-1000,17,12.468,12.553,2.958,3.025,1.1487,1.1555
CMP-1000-0961,ISRO-TEST-UPLOAD-1000,7,45.196,47.434,7.859,8.659,1.5708,1.6208
CMP-1000-0962,ISRO-TEST-UPLOAD-1000,22,12.121,12.364,2.238,2.279,1.2038,1.2136
CMP-1000-0963,ISRO-TEST-UPLOAD-1000,12,9.798,10.177,2.624,2.651,1.2463,1.2536
CMP-1000-0964,ISRO-TEST-UPLOAD-1000,25,10.855,11.348,2.423,2.416,1.1515,1.15
CMP-1000-0965,ISRO-TEST-UPLOAD-1000,17,43.389,44.424,7.988,8.788,1.674,1.724
CMP-1000-0966,ISRO-TEST-UPLOAD-1000,13,10.474,10.691,2.566,2.587,1.1312,1.1325
CMP-1000-0967,ISRO-TEST-UPLOAD-1000,20,11.607,11.983,2.489,2.503,1.1819,1.181
CMP-1000-0968,ISRO-TEST-UPLOAD-1000,25,11.787,12.068,2.472,2.535,1.1758,1.1758
CMP-1000-0969,ISRO-TEST-UPLOAD-1000,4,10.352,10.39,2.377,2.416,1.0794,1.0874
CMP-1000-0970,ISRO-TEST-UPLOAD-1000,10,10.784,10.99,2.474,2.466,1.2969,1.2988
CMP-1000-0971,ISRO-TEST-UPLOAD-1000,3,9.285,9.543,2.167,2.13,1.2231,1.2219
CMP-1000-0972,ISRO-TEST-UPLOAD-1000,9,10.43,10.699,2.859,2.859,1.2103,1.2135
CMP-1000-0973,ISRO-TEST-UPLOAD-1000,13,9.511,9.756,2.5,2.511,1.1374,1.1367
CMP-1000-0974,ISRO-TEST-UPLOAD-1000,18,13.607,13.811,2.271,2.346,1.2388,1.2441
CMP-1000-0975,ISRO-TEST-UPLOAD-1000,15,11.553,11.879,2.272,2.335,1.1855,1.1821
CMP-1000-0976,ISRO-TEST-UPLOAD-1000,4,10.705,10.892,2.054,2.036,1.202,1.1985
CMP-1000-0977,ISRO-TEST-UPLOAD-1000,15,10.61,10.916,2.924,2.961,1.1891,1.1898
CMP-1000-0978,ISRO-TEST-UPLOAD-1000,22,10.298,10.37,2.659,2.688,1.0753,1.0769
CMP-1000-0979,ISRO-TEST-UPLOAD-1000,2,11.902,19.572,2.577,2.977,1.1383,1.2183
CMP-1000-0980,ISRO-TEST-UPLOAD-1000,15,11.252,11.394,2.037,2.073,1.0749,1.0713
CMP-1000-0981,ISRO-TEST-UPLOAD-1000,8,9.574,9.571,2.565,2.578,1.2322,1.2312
CMP-1000-0982,ISRO-TEST-UPLOAD-1000,8,10.968,11.2,1.977,1.972,1.2146,1.2183
CMP-1000-0983,ISRO-TEST-UPLOAD-1000,17,11.391,11.476,2.187,2.183,1.282,1.2884
CMP-1000-0984,ISRO-TEST-UPLOAD-1000,12,9.611,9.848,2.031,2.101,1.2402,1.2384
CMP-1000-0985,ISRO-TEST-UPLOAD-1000,19,9.082,9.361,2.616,2.612,1.1253,1.1283
CMP-1000-0986,ISRO-TEST-UPLOAD-1000,10,11.29,11.513,3.199,3.211,1.1635,1.1729
CMP-1000-0987,ISRO-TEST-UPLOAD-1000,9,9.441,9.628,2.811,2.865,0.9726,0.9805
CMP-1000-0988,ISRO-TEST-UPLOAD-1000,5,9.868,10.308,2.946,2.979,1.2714,1.2738
CMP-1000-0989,ISRO-TEST-UPLOAD-1000,6,9.463,9.899,2.873,2.913,1.2051,1.2044
CMP-1000-0990,ISRO-TEST-UPLOAD-1000,20,9.875,10.163,2.464,2.54,1.0841,1.0887
CMP-1000-0991,ISRO-TEST-UPLOAD-1000,2,67.027,71.154,32.073,35.073,3.0992,3.2992
CMP-1000-0992,ISRO-TEST-UPLOAD-1000,24,11.882,12.33,2.107,2.159,1.1913,1.183
CMP-1000-0993,ISRO-TEST-UPLOAD-1000,13,9.925,10.417,2.684,2.758,1.1733,1.1746
CMP-1000-0994,ISRO-TEST-UPLOAD-1000,6,12.127,12.522,2.456,2.509,1.1417,1.1486
CMP-1000-0995,ISRO-TEST-UPLOAD-1000,5,10.033,10.283,2.232,2.224,1.1923,1.1954
CMP-1000-0996,ISRO-TEST-UPLOAD-1000,25,13.443,13.505,2.546,2.567,1.1925,1.1841
CMP-1000-0997,ISRO-TEST-UPLOAD-1000,1,9.874,10.087,3.153,3.188,1.3007,1.3054
CMP-1000-0998,ISRO-TEST-UPLOAD-1000,21,11.925,12.147,1.773,1.816,1.3492,1.35
CMP-1000-0999,ISRO-TEST-UPLOAD-1000,22,11.694,11.897,2.411,2.426,1.2367,1.2371
CMP-1000-1000,ISRO-TEST-UPLOAD-1000,21,11.138,11.381,2.804,2.866,1.1932,1.1914
